Driver_ID,vehicle_type,vehicle_number,fuel_chip_code,Vehicle_capacity_vm_weight,vehicle_model,Vendor_Id,Last mile hub
driver412995,Flatbed,F9210,FC6629,147,Dump Truck,VEN-1000,IN-01
driver645012,Cargo,C2611,FC4059,109,Dump Truck,VEN-1000,IN-01
driver390398,Van,V9041,FC3181,127,Flatbed,VEN-1000,IN-01
driver301901,Minibus,M9332,FC6597,142,Articulated,VEN-1000,IN-01
driver343711,Flatbed,F3260,FC7236,83,Cargo Truck,VEN-1000,IN-01
driver665311,Cargo,C4108,FC7940,140,Articulated,VEN-1000,IN-01
driver629710,Truck,T5211,FC7315,93,Dump Truck,VEN-1000,IN-01
driver843983,Cargo,C6710,FC1190,107,Flatbed,VEN-1000,IN-01
driver595143,Cargo,C6665,FC9364,88,Flatbed,VEN-1000,IN-01
driver960064,Flatbed,F5176,FC2767,144,Flatbed,VEN-1000,IN-01
driver197710,Flatbed,F5177,FC6041,83,Dump Truck,VEN-2000,IN-01
driver476979,Van,V8021,FC7544,105,Flatbed,VEN-2000,IN-01
driver207135,Van,V4864,FC7472,134,Double Decker Truck,VEN-2000,IN-01
driver003896,Minibus,M2925,FC5351,126,Articulated,VEN-2000,IN-01
driver279584,Minibus,M7752,FC5711,100,Articulated,VEN-2000,IN-01
driver355781,Flatbed,F7672,FC6769,124,Cargo Truck,VEN-2000,IN-01
driver662588,Van,V2741,FC8759,150,Cargo Truck,VEN-2000,IN-01
driver977353,Van,V8890,FC5502,115,Dump Truck,VEN-2000,IN-01
driver420090,Flatbed,F4694,FC4710,128,Double Decker Truck,VEN-2000,IN-01
driver967084,Minibus,M9644,FC6685,107,Flatbed,VEN-2000,IN-01
driver788634,Truck,T1417,FC3478,136,Dump Truck,VEN-3000,IN-01
driver432447,Van,V4102,FC6258,132,Articulated,VEN-3000,IN-01
driver687811,Van,V1739,FC4835,127,Articulated,VEN-3000,IN-01
driver300582,Flatbed,F1557,FC3555,144,Dump Truck,VEN-3000,IN-01
driver508612,Van,V1049,FC9139,102,Flatbed,VEN-3000,IN-01
driver160902,Minibus,M9327,FC2287,81,Flatbed,VEN-3000,IN-01
driver014489,Minibus,M1746,FC9797,104,Flatbed,VEN-3000,IN-01
driver911128,Flatbed,F7714,FC3090,142,Articulated,VEN-3000,IN-01
driver035262,Van,V8765,FC3544,145,Articulated,VEN-3000,IN-01
driver662329,Flatbed,F7877,FC1591,103,Articulated,VEN-3000,IN-01
driver771549,Cargo,C9851,FC1745,105,Cargo Truck,VEN-4000,IN-01
driver382844,Cargo,C5864,FC7339,128,Flatbed,VEN-4000,IN-01
driver624113,Flatbed,F4375,FC2882,111,Double Decker Truck,VEN-4000,IN-01
driver209932,Cargo,C5178,FC7655,120,Cargo Truck,VEN-4000,IN-01
driver279054,Flatbed,F3930,FC2152,118,Dump Truck,VEN-4000,IN-01
driver204332,Cargo,C4369,FC1465,102,Cargo Truck,VEN-4000,IN-01
driver323920,Minibus,M5426,FC2265,129,Dump Truck,VEN-4000,IN-01
driver708805,Van,V7885,FC3774,80,Double Decker Truck,VEN-4000,IN-01
driver784866,Minibus,M2023,FC2742,149,Articulated,VEN-4000,IN-01
driver528878,Minibus,M3379,FC5707,115,Double Decker Truck,VEN-4000,IN-01
driver201991,Truck,T9091,FC1230,95,Flatbed,VEN-5000,IN-01
driver643247,Van,V7484,FC2123,82,Flatbed,VEN-5000,IN-01
driver070945,Van,V4760,FC3716,145,Articulated,VEN-5000,IN-01
driver568533,Truck,T8221,FC8370,125,Double Decker Truck,VEN-5000,IN-01
driver870241,Truck,T8766,FC4599,88,Flatbed,VEN-5000,IN-01
driver306600,Truck,T7263,FC1253,108,Articulated,VEN-5000,IN-01
driver011659,Cargo,C3899,FC1968,87,Double Decker Truck,VEN-5000,IN-01
driver021015,Cargo,C2487,FC1545,112,Cargo Truck,VEN-5000,IN-01
driver438366,Minibus,M8635,FC9393,89,Dump Truck,VEN-5000,IN-01
driver290242,Cargo,C8944,FC8267,105,Articulated,VEN-5000,IN-01
driver764379,Flatbed,F5536,FC6677,116,Flatbed,VEN-1000,IN-02
driver176777,Truck,T5206,FC5480,96,Double Decker Truck,VEN-1000,IN-02
driver746164,Cargo,C5275,FC5050,103,Flatbed,VEN-1000,IN-02
driver559392,Cargo,C8044,FC6377,84,Dump Truck,VEN-1000,IN-02
driver099245,Minibus,M2065,FC9736,114,Double Decker Truck,VEN-1000,IN-02
driver817376,Flatbed,F4315,FC8967,109,Cargo Truck,VEN-1000,IN-02
driver332271,Flatbed,F7568,FC5010,126,Cargo Truck,VEN-1000,IN-02
driver807410,Truck,T7792,FC2548,99,Cargo Truck,VEN-1000,IN-02
driver238500,Van,V2638,FC3724,97,Cargo Truck,VEN-1000,IN-02
driver442718,Cargo,C4694,FC5451,89,Dump Truck,VEN-1000,IN-02
driver361209,Truck,T9995,FC4707,88,Flatbed,VEN-2000,IN-02
driver530044,Minibus,M8738,FC8400,138,Double Decker Truck,VEN-2000,IN-02
driver713915,Van,V1438,FC3061,118,Cargo Truck,VEN-2000,IN-02
driver704934,Flatbed,F8814,FC4691,136,Articulated,VEN-2000,IN-02
driver990628,Van,V2313,FC4274,80,Dump Truck,VEN-2000,IN-02
driver521862,Flatbed,F1148,FC1785,83,Flatbed,VEN-2000,IN-02
driver716912,Van,V4508,FC1576,139,Double Decker Truck,VEN-2000,IN-02
driver465237,Truck,T6919,FC5852,135,Flatbed,VEN-2000,IN-02
driver256795,Flatbed,F1763,FC2219,132,Articulated,VEN-2000,IN-02
driver389113,Truck,T3227,FC7875,132,Cargo Truck,VEN-2000,IN-02
driver631180,Flatbed,F5226,FC9332,112,Double Decker Truck,VEN-3000,IN-02
driver291942,Van,V5861,FC3011,132,Flatbed,VEN-3000,IN-02
driver220945,Minibus,M1250,FC6833,107,Articulated,VEN-3000,IN-02
driver966714,Van,V2929,FC1182,95,Double Decker Truck,VEN-3000,IN-02
driver946494,Cargo,C5473,FC8607,82,Articulated,VEN-3000,IN-02
driver746456,Cargo,C6058,FC6303,143,Dump Truck,VEN-3000,IN-02
driver636249,Minibus,M7116,FC8037,112,Cargo Truck,VEN-3000,IN-02
driver834140,Truck,T2200,FC9508,99,Dump Truck,VEN-3000,IN-02
driver144834,Flatbed,F9975,FC6694,126,Cargo Truck,VEN-3000,IN-02
driver642766,Truck,T2359,FC8178,148,Double Decker Truck,VEN-3000,IN-02
driver664867,Truck,T8917,FC8159,149,Cargo Truck,VEN-4000,IN-02
driver330522,Van,V2001,FC9287,143,Flatbed,VEN-4000,IN-02
driver646838,Cargo,C4821,FC6065,86,Double Decker Truck,VEN-4000,IN-02
driver899748,Cargo,C1197,FC6864,86,Cargo Truck,VEN-4000,IN-02
driver229392,Flatbed,F1006,FC5897,141,Double Decker Truck,VEN-4000,IN-02
driver351630,Truck,T7745,FC3553,138,Articulated,VEN-4000,IN-02
driver871109,Cargo,C8775,FC5728,83,Dump Truck,VEN-4000,IN-02
driver759486,Minibus,M2593,FC3833,80,Double Decker Truck,VEN-4000,IN-02
driver337097,Truck,T5562,FC5756,150,Dump Truck,VEN-4000,IN-02
driver061656,Flatbed,F7188,FC3897,83,Dump Truck,VEN-4000,IN-02
driver086612,Cargo,C6129,FC4452,150,Double Decker Truck,VEN-5000,IN-02
driver155415,Truck,T9024,FC7795,89,Cargo Truck,VEN-5000,IN-02
driver075847,Minibus,M2145,FC9025,91,Articulated,VEN-5000,IN-02
driver224851,Minibus,M2043,FC7889,100,Flatbed,VEN-5000,IN-02
driver838647,Truck,T7226,FC4186,99,Articulated,VEN-5000,IN-02
driver198252,Van,V8603,FC6307,90,Articulated,VEN-5000,IN-02
driver621012,Truck,T5901,FC7327,87,Dump Truck,VEN-5000,IN-02
driver157441,Truck,T4866,FC5091,80,Articulated,VEN-5000,IN-02
driver139689,Minibus,M5497,FC4621,145,Flatbed,VEN-5000,IN-02
driver931119,Minibus,M4751,FC3671,109,Dump Truck,VEN-5000,IN-02
driver325299,Flatbed,F9687,FC9138,137,Articulated,VEN-1000,IN-03
driver839198,Van,V2491,FC9692,120,Double Decker Truck,VEN-1000,IN-03
driver734858,Truck,T1082,FC4463,102,Dump Truck,VEN-1000,IN-03
driver534697,Flatbed,F6105,FC5638,129,Articulated,VEN-1000,IN-03
driver072940,Van,V5456,FC2849,132,Dump Truck,VEN-1000,IN-03
driver937915,Minibus,M1628,FC1027,108,Double Decker Truck,VEN-1000,IN-03
driver520081,Flatbed,F8095,FC9685,90,Cargo Truck,VEN-1000,IN-03
driver935901,Minibus,M8273,FC1233,124,Articulated,VEN-1000,IN-03
driver684689,Van,V1079,FC5390,137,Articulated,VEN-1000,IN-03
driver429245,Van,V2075,FC6395,135,Dump Truck,VEN-1000,IN-03
driver609495,Flatbed,F3031,FC7955,101,Flatbed,VEN-2000,IN-03
driver447216,Truck,T5661,FC7914,90,Dump Truck,VEN-2000,IN-03
driver561892,Cargo,C7063,FC9545,125,Cargo Truck,VEN-2000,IN-03
driver342422,Cargo,C7016,FC5721,124,Flatbed,VEN-2000,IN-03
driver686532,Van,V3207,FC2811,141,Flatbed,VEN-2000,IN-03
driver221837,Cargo,C1872,FC9596,102,Double Decker Truck,VEN-2000,IN-03
driver526568,Minibus,M9273,FC3005,124,Cargo Truck,VEN-2000,IN-03
driver896349,Flatbed,F9543,FC9132,97,Articulated,VEN-2000,IN-03
driver046747,Minibus,M2920,FC4334,135,Articulated,VEN-2000,IN-03
driver581816,Minibus,M1163,FC4634,93,Flatbed,VEN-2000,IN-03
driver258705,Truck,T3205,FC8462,139,Double Decker Truck,VEN-3000,IN-03
driver960379,Cargo,C8636,FC7915,97,Dump Truck,VEN-3000,IN-03
driver166785,Minibus,M5804,FC5001,99,Articulated,VEN-3000,IN-03
driver891795,Cargo,C4418,FC4817,81,Double Decker Truck,VEN-3000,IN-03
driver113158,Minibus,M7164,FC4512,149,Flatbed,VEN-3000,IN-03
driver568051,Minibus,M5392,FC6699,84,Double Decker Truck,VEN-3000,IN-03
driver554209,Flatbed,F2870,FC4202,95,Flatbed,VEN-3000,IN-03
driver591079,Truck,T5282,FC7535,127,Dump Truck,VEN-3000,IN-03
driver717452,Cargo,C3288,FC6848,150,Cargo Truck,VEN-3000,IN-03
driver124814,Van,V6931,FC5233,150,Cargo Truck,VEN-3000,IN-03
driver374345,Flatbed,F3421,FC5155,124,Cargo Truck,VEN-4000,IN-03
driver250046,Flatbed,F2780,FC3687,145,Double Decker Truck,VEN-4000,IN-03
driver544113,Truck,T7763,FC1676,144,Flatbed,VEN-4000,IN-03
driver720550,Cargo,C5956,FC4231,105,Articulated,VEN-4000,IN-03
driver107715,Minibus,M3285,FC1335,85,Articulated,VEN-4000,IN-03
driver404279,Flatbed,F2218,FC8295,100,Articulated,VEN-4000,IN-03
driver823565,Flatbed,F4561,FC4904,121,Dump Truck,VEN-4000,IN-03
driver755298,Flatbed,F1717,FC4030,96,Double Decker Truck,VEN-4000,IN-03
driver182557,Van,V8970,FC6380,98,Dump Truck,VEN-4000,IN-03
driver560909,Truck,T2189,FC5948,90,Flatbed,VEN-4000,IN-03
driver572800,Minibus,M4173,FC6472,141,Cargo Truck,VEN-5000,IN-03
driver064097,Truck,T6654,FC5650,135,Articulated,VEN-5000,IN-03
driver241140,Truck,T4185,FC5474,83,Cargo Truck,VEN-5000,IN-03
driver800463,Minibus,M8474,FC3823,91,Cargo Truck,VEN-5000,IN-03
driver987801,Truck,T9276,FC7668,131,Flatbed,VEN-5000,IN-03
driver366226,Van,V2997,FC9456,109,Double Decker Truck,VEN-5000,IN-03
driver900002,Van,V2894,FC2639,123,Dump Truck,VEN-5000,IN-03
driver101085,Van,V2775,FC2823,86,Dump Truck,VEN-5000,IN-03
driver462687,Van,V1605,FC3536,80,Dump Truck,VEN-5000,IN-03
driver936089,Truck,T8811,FC7540,136,Double Decker Truck,VEN-5000,IN-03
driver226718,Minibus,M4951,FC5951,114,Articulated,VEN-1000,IN-04
driver070355,Cargo,C7964,FC7562,120,Dump Truck,VEN-1000,IN-04
driver249346,Minibus,M3205,FC4610,94,Dump Truck,VEN-1000,IN-04
driver639406,Flatbed,F8021,FC8378,119,Articulated,VEN-1000,IN-04
driver120022,Minibus,M4952,FC2054,93,Dump Truck,VEN-1000,IN-04
driver118547,Flatbed,F4587,FC5053,110,Flatbed,VEN-1000,IN-04
driver287764,Cargo,C7732,FC1363,110,Dump Truck,VEN-1000,IN-04
driver673571,Flatbed,F7835,FC8356,89,Double Decker Truck,VEN-1000,IN-04
driver105636,Van,V8547,FC4762,84,Articulated,VEN-1000,IN-04
driver310117,Van,V7459,FC6151,92,Double Decker Truck,VEN-1000,IN-04
driver504842,Flatbed,F1019,FC5105,90,Dump Truck,VEN-2000,IN-04
driver537867,Van,V5783,FC2174,148,Cargo Truck,VEN-2000,IN-04
driver260142,Flatbed,F2783,FC3007,81,Cargo Truck,VEN-2000,IN-04
driver641694,Van,V8827,FC4782,113,Cargo Truck,VEN-2000,IN-04
driver436296,Van,V1270,FC8083,123,Dump Truck,VEN-2000,IN-04
driver679806,Van,V5276,FC8164,120,Flatbed,VEN-2000,IN-04
driver782217,Van,V1215,FC6791,147,Cargo Truck,VEN-2000,IN-04
driver134105,Cargo,C2462,FC2920,122,Double Decker Truck,VEN-2000,IN-04
driver932825,Cargo,C5554,FC3343,141,Flatbed,VEN-2000,IN-04
driver435351,Van,V5493,FC7045,112,Double Decker Truck,VEN-2000,IN-04
driver532901,Van,V4032,FC7717,128,Dump Truck,VEN-3000,IN-04
driver043921,Minibus,M1744,FC1608,141,Articulated,VEN-3000,IN-04
driver490680,Flatbed,F3605,FC6758,114,Cargo Truck,VEN-3000,IN-04
driver198487,Minibus,M7532,FC8486,92,Dump Truck,VEN-3000,IN-04
driver244830,Cargo,C3147,FC4050,94,Cargo Truck,VEN-3000,IN-04
driver227761,Minibus,M6523,FC4585,84,Flatbed,VEN-3000,IN-04
driver527567,Minibus,M7589,FC2725,96,Double Decker Truck,VEN-3000,IN-04
driver401491,Flatbed,F5058,FC8177,99,Articulated,VEN-3000,IN-04
driver900901,Minibus,M5312,FC6833,99,Flatbed,VEN-3000,IN-04
driver086528,Truck,T2889,FC6265,83,Articulated,VEN-3000,IN-04
driver191257,Minibus,M5669,FC4598,97,Cargo Truck,VEN-4000,IN-04
driver582512,Van,V3497,FC2706,120,Double Decker Truck,VEN-4000,IN-04
driver710973,Flatbed,F3698,FC1105,99,Double Decker Truck,VEN-4000,IN-04
driver643735,Truck,T7278,FC4874,147,Cargo Truck,VEN-4000,IN-04
driver382532,Cargo,C8745,FC7801,105,Double Decker Truck,VEN-4000,IN-04
driver998457,Minibus,M7833,FC2091,99,Flatbed,VEN-4000,IN-04
driver185766,Minibus,M9705,FC7110,115,Dump Truck,VEN-4000,IN-04
driver413220,Minibus,M1685,FC7449,113,Double Decker Truck,VEN-4000,IN-04
driver404800,Truck,T6858,FC8732,109,Dump Truck,VEN-4000,IN-04
driver405594,Minibus,M7988,FC7838,133,Articulated,VEN-4000,IN-04
driver694720,Cargo,C2006,FC7236,148,Double Decker Truck,VEN-5000,IN-04
driver910278,Van,V9542,FC4049,81,Articulated,VEN-5000,IN-04
driver561127,Minibus,M7459,FC9413,86,Articulated,VEN-5000,IN-04
driver450930,Truck,T4039,FC8651,117,Double Decker Truck,VEN-5000,IN-04
driver945061,Cargo,C7108,FC5730,107,Articulated,VEN-5000,IN-04
driver410707,Van,V7878,FC6620,136,Flatbed,VEN-5000,IN-04
driver895141,Cargo,C7711,FC1694,106,Double Decker Truck,VEN-5000,IN-04
driver805847,Flatbed,F8656,FC5315,108,Dump Truck,VEN-5000,IN-04
driver240143,Flatbed,F3211,FC5370,126,Articulated,VEN-5000,IN-04
driver093027,Flatbed,F8152,FC3382,128,Flatbed,VEN-5000,IN-04
driver189709,Van,V7400,FC7901,109,Articulated,VEN-1000,IN-05
driver118498,Minibus,M9516,FC2489,93,Cargo Truck,VEN-1000,IN-05
driver128148,Minibus,M7334,FC3235,136,Articulated,VEN-1000,IN-05
driver664544,Truck,T5070,FC2844,98,Dump Truck,VEN-1000,IN-05
driver234747,Van,V7913,FC2774,82,Cargo Truck,VEN-1000,IN-05
driver374993,Flatbed,F5983,FC3396,122,Flatbed,VEN-1000,IN-05
driver736663,Flatbed,F4829,FC8780,106,Cargo Truck,VEN-1000,IN-05
driver039166,Truck,T3924,FC4500,127,Double Decker Truck,VEN-1000,IN-05
driver553427,Minibus,M5283,FC9255,122,Double Decker Truck,VEN-1000,IN-05
driver263004,Cargo,C5626,FC6689,100,Double Decker Truck,VEN-1000,IN-05
driver386138,Cargo,C5139,FC9421,102,Cargo Truck,VEN-2000,IN-05
driver284920,Minibus,M5470,FC4608,86,Dump Truck,VEN-2000,IN-05
driver803708,Flatbed,F1857,FC1928,87,Double Decker Truck,VEN-2000,IN-05
driver843783,Van,V1760,FC1256,130,Dump Truck,VEN-2000,IN-05
driver694772,Minibus,M6305,FC9931,125,Cargo Truck,VEN-2000,IN-05
driver408609,Minibus,M4326,FC5764,111,Flatbed,VEN-2000,IN-05
driver148566,Minibus,M6967,FC1068,117,Double Decker Truck,VEN-2000,IN-05
driver611206,Truck,T9101,FC6289,81,Articulated,VEN-2000,IN-05
driver392167,Cargo,C4910,FC6662,83,Double Decker Truck,VEN-2000,IN-05
driver612879,Cargo,C4178,FC9686,110,Flatbed,VEN-2000,IN-05
driver513390,Van,V7885,FC6851,93,Flatbed,VEN-3000,IN-05
driver951105,Minibus,M9008,FC6816,115,Dump Truck,VEN-3000,IN-05
driver235967,Minibus,M4618,FC6643,87,Articulated,VEN-3000,IN-05
driver988216,Flatbed,F1393,FC9214,93,Dump Truck,VEN-3000,IN-05
driver385827,Van,V9694,FC2734,91,Flatbed,VEN-3000,IN-05
driver264918,Truck,T7278,FC8590,149,Dump Truck,VEN-3000,IN-05
driver045559,Cargo,C4961,FC5372,109,Flatbed,VEN-3000,IN-05
driver050391,Minibus,M7646,FC6102,139,Cargo Truck,VEN-3000,IN-05
driver377669,Flatbed,F2705,FC5689,133,Double Decker Truck,VEN-3000,IN-05
driver183230,Truck,T3069,FC3453,115,Dump Truck,VEN-3000,IN-05
driver504221,Van,V2355,FC9834,108,Double Decker Truck,VEN-4000,IN-05
driver574576,Truck,T1572,FC6526,99,Dump Truck,VEN-4000,IN-05
driver214175,Minibus,M9282,FC6773,144,Articulated,VEN-4000,IN-05
driver900928,Van,V4730,FC3253,150,Articulated,VEN-4000,IN-05
driver740982,Truck,T3335,FC3945,128,Cargo Truck,VEN-4000,IN-05
driver645270,Minibus,M8226,FC7105,123,Double Decker Truck,VEN-4000,IN-05
driver970547,Flatbed,F2006,FC7418,83,Dump Truck,VEN-4000,IN-05
driver564429,Cargo,C6291,FC3226,93,Flatbed,VEN-4000,IN-05
driver435063,Van,V9268,FC1466,81,Flatbed,VEN-4000,IN-05
driver938743,Flatbed,F4171,FC9528,137,Dump Truck,VEN-4000,IN-05
driver477746,Minibus,M9755,FC7937,115,Double Decker Truck,VEN-5000,IN-05
driver446132,Truck,T7412,FC7652,148,Flatbed,VEN-5000,IN-05
driver288537,Van,V6444,FC4100,97,Dump Truck,VEN-5000,IN-05
driver867033,Minibus,M1794,FC3527,147,Articulated,VEN-5000,IN-05
driver495493,Minibus,M4437,FC6683,140,Double Decker Truck,VEN-5000,IN-05
driver393508,Van,V8976,FC9594,119,Articulated,VEN-5000,IN-05
driver447707,Flatbed,F6967,FC3453,99,Articulated,VEN-5000,IN-05
driver399599,Truck,T8005,FC4287,150,Double Decker Truck,VEN-5000,IN-05
driver235700,Cargo,C8308,FC7389,102,Double Decker Truck,VEN-5000,IN-05
driver564866,Van,V5876,FC6072,113,Flatbed,VEN-5000,IN-05
driver269618,Cargo,C1521,FC7378,80,Double Decker Truck,VEN-1000,IN-06
driver859909,Van,V9905,FC1612,132,Cargo Truck,VEN-1000,IN-06
driver733355,Truck,T4223,FC3887,83,Dump Truck,VEN-1000,IN-06
driver929013,Minibus,M1456,FC1189,116,Cargo Truck,VEN-1000,IN-06
driver382859,Minibus,M5864,FC5968,104,Cargo Truck,VEN-1000,IN-06
driver621589,Flatbed,F5695,FC9394,103,Cargo Truck,VEN-1000,IN-06
driver607716,Van,V7351,FC4024,127,Cargo Truck,VEN-1000,IN-06
driver705280,Truck,T9823,FC9115,111,Double Decker Truck,VEN-1000,IN-06
driver598716,Truck,T6500,FC6247,123,Flatbed,VEN-1000,IN-06
driver153787,Van,V2333,FC2011,80,Cargo Truck,VEN-1000,IN-06
driver298035,Cargo,C3499,FC7853,81,Dump Truck,VEN-2000,IN-06
driver741891,Flatbed,F3602,FC5456,85,Cargo Truck,VEN-2000,IN-06
driver778370,Truck,T2267,FC9818,97,Articulated,VEN-2000,IN-06
driver103706,Truck,T2250,FC2189,146,Double Decker Truck,VEN-2000,IN-06
driver947058,Van,V2464,FC8473,147,Double Decker Truck,VEN-2000,IN-06
driver910304,Minibus,M1057,FC7972,113,Flatbed,VEN-2000,IN-06
driver121648,Cargo,C8554,FC5738,114,Flatbed,VEN-2000,IN-06
driver030699,Flatbed,F1666,FC5190,124,Cargo Truck,VEN-2000,IN-06
driver945258,Cargo,C7681,FC3518,145,Cargo Truck,VEN-2000,IN-06
driver241189,Van,V5954,FC6522,84,Articulated,VEN-2000,IN-06
driver279334,Cargo,C9926,FC2910,116,Dump Truck,VEN-3000,IN-06
driver967871,Van,V6247,FC6550,118,Double Decker Truck,VEN-3000,IN-06
driver922715,Cargo,C7100,FC7786,150,Cargo Truck,VEN-3000,IN-06
driver789796,Cargo,C9415,FC6695,144,Flatbed,VEN-3000,IN-06
driver533307,Minibus,M5751,FC3147,130,Flatbed,VEN-3000,IN-06
driver064059,Minibus,M8264,FC3671,131,Dump Truck,VEN-3000,IN-06
driver695254,Cargo,C9798,FC5961,106,Flatbed,VEN-3000,IN-06
driver205023,Cargo,C8864,FC3825,149,Double Decker Truck,VEN-3000,IN-06
driver128886,Cargo,C6081,FC4819,114,Flatbed,VEN-3000,IN-06
driver104889,Cargo,C5416,FC9480,111,Cargo Truck,VEN-3000,IN-06
driver709510,Van,V1766,FC9256,90,Articulated,VEN-4000,IN-06
driver211127,Minibus,M8483,FC3326,83,Dump Truck,VEN-4000,IN-06
driver707011,Van,V2503,FC9659,93,Double Decker Truck,VEN-4000,IN-06
driver247676,Flatbed,F3377,FC2296,147,Dump Truck,VEN-4000,IN-06
driver427939,Cargo,C1744,FC6866,98,Articulated,VEN-4000,IN-06
driver812585,Van,V5991,FC1721,120,Flatbed,VEN-4000,IN-06
driver556093,Minibus,M1966,FC3972,119,Dump Truck,VEN-4000,IN-06
driver270249,Flatbed,F1890,FC5760,125,Cargo Truck,VEN-4000,IN-06
driver057702,Minibus,M5595,FC8871,94,Dump Truck,VEN-4000,IN-06
driver226581,Cargo,C2534,FC7072,120,Cargo Truck,VEN-4000,IN-06
driver447750,Cargo,C4539,FC8208,126,Flatbed,VEN-5000,IN-06
driver812352,Cargo,C9026,FC4341,134,Dump Truck,VEN-5000,IN-06
driver491259,Van,V1523,FC3522,102,Double Decker Truck,VEN-5000,IN-06
driver862208,Flatbed,F3527,FC5800,113,Cargo Truck,VEN-5000,IN-06
driver374713,Flatbed,F9119,FC5520,149,Dump Truck,VEN-5000,IN-06
driver398222,Flatbed,F9816,FC3949,125,Double Decker Truck,VEN-5000,IN-06
driver040236,Van,V8531,FC1677,138,Cargo Truck,VEN-5000,IN-06
driver543370,Cargo,C9572,FC7710,113,Articulated,VEN-5000,IN-06
driver533923,Cargo,C2305,FC5147,109,Cargo Truck,VEN-5000,IN-06
driver010235,Cargo,C3186,FC7963,84,Double Decker Truck,VEN-5000,IN-06