SKU_CODE,Price,Product_Type,Weight,Volume
SKU00001,155.25,Science and Experimentation,15*20*16,4.800
SKU00002,190.19,Science and Experimentation,20*12*12,2.880
SKU00003,166.58,"Coding, Programming, and Mathematics",15*20*16,4.800
SKU00004,154.43,Robotics and Engineering,15*17*12,3.060
SKU00005,128.97,"Coding, Programming, and Mathematics",20*12*12,2.880
SKU00006,175.64,Science and Experimentation,20*12*12,2.880
SKU00007,131.89,Robotics and Engineering,20*12*12,2.880
SKU00008,227.27,Robotics and Engineering,12*12*6,0.864
SKU00009,242.37,Robotics and Engineering,12*12*6,0.864
SKU00010,120.52,"Coding, Programming, and Mathematics",20*12*12,2.880
SKU00011,206.26,"Coding, Programming, and Mathematics",12*12*4,0.576
SKU00012,151.07,"Coding, Programming, and Mathematics",15*17*12,3.060
SKU00013,159.29,Science and Experimentation,12*12*4,0.576
SKU00014,234.38,"Coding, Programming, and Mathematics",15*17*12,3.060
SKU00015,54.92,"Coding, Programming, and Mathematics",15*17*12,3.060
SKU00016,58.30,"Coding, Programming, and Mathematics",12*12*6,0.864
SKU00017,44.25,Robotics and Engineering,15*17*12,3.060
SKU00018,214.85,Robotics and Engineering,20*12*12,2.880
SKU00019,203.41,Science and Experimentation,20*12*12,2.880
SKU00020,222.70,Robotics and Engineering,15*17*12,3.060
SKU00021,245.51,Science and Experimentation,12*12*6,0.864
SKU00022,207.82,Robotics and Engineering,12*12*4,0.576
SKU00023,136.91,Science and Experimentation,12*12*6,0.864
SKU00024,203.91,Science and Experimentation,12*12*6,0.864
SKU00025,64.84,Robotics and Engineering,12*12*4,0.576
SKU00026,174.38,Robotics and Engineering,20*12*12,2.880
SKU00027,70.10,"Coding, Programming, and Mathematics",15*20*16,4.800
SKU00028,238.38,"Coding, Programming, and Mathematics",12*12*6,0.864
SKU00029,149.59,Science and Experimentation,20*12*12,2.880
SKU00030,127.08,Science and Experimentation,15*17*12,3.060
SKU00031,95.56,Science and Experimentation,12*12*6,0.864
SKU00032,202.59,Robotics and Engineering,12*12*6,0.864
SKU00033,135.79,Robotics and Engineering,15*17*12,3.060
SKU00034,159.37,"Coding, Programming, and Mathematics",15*20*16,4.800
SKU00035,43.95,Robotics and Engineering,15*20*16,4.800
SKU00036,169.70,Science and Experimentation,12*12*4,0.576
SKU00037,168.54,"Coding, Programming, and Mathematics",15*17*12,3.060
SKU00038,169.56,Robotics and Engineering,20*12*12,2.880
SKU00039,238.19,Science and Experimentation,20*12*12,2.880
SKU00040,183.18,Robotics and Engineering,15*20*16,4.800
SKU00041,115.50,Robotics and Engineering,12*12*4,0.576
SKU00042,131.78,Robotics and Engineering,12*12*4,0.576
SKU00043,186.50,Science and Experimentation,20*12*12,2.880
SKU00044,52.65,Science and Experimentation,12*12*4,0.576
SKU00045,180.02,Robotics and Engineering,15*20*16,4.800
SKU00046,180.83,Science and Experimentation,15*20*16,4.800
SKU00047,84.18,Robotics and Engineering,12*12*4,0.576
SKU00048,67.07,"Coding, Programming, and Mathematics",15*20*16,4.800
SKU00049,106.24,Science and Experimentation,15*20*16,4.800
SKU00050,116.38,Robotics and Engineering,12*12*4,0.576
SKU00051,159.74,Robotics and Engineering,15*20*16,4.800
SKU00052,132.11,Robotics and Engineering,15*17*12,3.060
SKU00053,247.56,"Coding, Programming, and Mathematics",15*20*16,4.800
SKU00054,61.43,Science and Experimentation,12*12*6,0.864
SKU00055,83.86,Robotics and Engineering,20*12*12,2.880
SKU00056,73.87,Robotics and Engineering,15*17*12,3.060
SKU00057,177.15,Robotics and Engineering,12*12*4,0.576
SKU00058,93.19,Science and Experimentation,20*12*12,2.880
SKU00059,137.93,"Coding, Programming, and Mathematics",12*12*6,0.864
SKU00060,91.33,"Coding, Programming, and Mathematics",20*12*12,2.880
SKU00061,73.38,Robotics and Engineering,15*20*16,4.800
SKU00062,63.18,Robotics and Engineering,20*12*12,2.880
SKU00063,177.83,Science and Experimentation,12*12*4,0.576
SKU00064,69.02,Robotics and Engineering,15*20*16,4.800
SKU00065,81.28,"Coding, Programming, and Mathematics",15*20*16,4.800
SKU00066,117.43,Science and Experimentation,12*12*6,0.864
SKU00067,212.41,Science and Experimentation,20*12*12,2.880
SKU00068,60.39,Robotics and Engineering,12*12*6,0.864
SKU00069,215.97,"Coding, Programming, and Mathematics",15*20*16,4.800
SKU00070,60.18,Science and Experimentation,15*20*16,4.800
SKU00071,245.06,Science and Experimentation,12*12*6,0.864
SKU00072,138.42,Robotics and Engineering,15*20*16,4.800
SKU00073,245.12,"Coding, Programming, and Mathematics",20*12*12,2.880
SKU00074,167.02,"Coding, Programming, and Mathematics",15*17*12,3.060
SKU00075,195.25,Science and Experimentation,12*12*6,0.864
SKU00076,48.23,"Coding, Programming, and Mathematics",12*12*4,0.576
SKU00077,99.39,Robotics and Engineering,15*17*12,3.060
SKU00078,65.24,Robotics and Engineering,12*12*4,0.576
SKU00079,102.19,Science and Experimentation,15*20*16,4.800
SKU00080,64.93,Science and Experimentation,15*17*12,3.060
SKU00081,106.78,"Coding, Programming, and Mathematics",15*20*16,4.800
SKU00082,127.00,Robotics and Engineering,15*20*16,4.800
SKU00083,53.47,"Coding, Programming, and Mathematics",12*12*6,0.864
SKU00084,185.42,"Coding, Programming, and Mathematics",12*12*4,0.576
SKU00085,158.99,Science and Experimentation,20*12*12,2.880
SKU00086,95.73,Robotics and Engineering,12*12*6,0.864
SKU00087,149.88,Robotics and Engineering,12*12*6,0.864
SKU00088,59.73,"Coding, Programming, and Mathematics",12*12*4,0.576
SKU00089,160.95,Robotics and Engineering,12*12*6,0.864
SKU00090,235.15,Robotics and Engineering,12*12*4,0.576
SKU00091,106.90,"Coding, Programming, and Mathematics",12*12*6,0.864
SKU00092,180.16,Science and Experimentation,15*17*12,3.060
SKU00093,67.68,Science and Experimentation,12*12*4,0.576
SKU00094,190.43,Science and Experimentation,20*12*12,2.880
SKU00095,100.78,"Coding, Programming, and Mathematics",12*12*6,0.864
SKU00096,78.47,Robotics and Engineering,15*17*12,3.060
SKU00097,163.17,"Coding, Programming, and Mathematics",20*12*12,2.880
SKU00098,44.22,"Coding, Programming, and Mathematics",12*12*6,0.864
SKU00099,214.08,Science and Experimentation,12*12*6,0.864
SKU00100,40.99,Robotics and Engineering,15*20*16,4.800
SKU00101,182.34,Science and Experimentation,12*12*6,0.864
SKU00102,96.70,Robotics and Engineering,20*12*12,2.880
SKU00103,194.39,Robotics and Engineering,20*12*12,2.880
SKU00104,242.06,Science and Experimentation,15*17*12,3.060
SKU00105,92.24,Science and Experimentation,15*20*16,4.800
SKU00106,160.99,"Coding, Programming, and Mathematics",15*17*12,3.060
SKU00107,164.33,Robotics and Engineering,15*17*12,3.060
SKU00108,160.17,Robotics and Engineering,12*12*6,0.864
SKU00109,86.85,Robotics and Engineering,15*17*12,3.060
SKU00110,240.08,Robotics and Engineering,12*12*4,0.576
SKU00111,133.90,Robotics and Engineering,15*20*16,4.800
SKU00112,217.75,"Coding, Programming, and Mathematics",12*12*6,0.864
SKU00113,186.89,Robotics and Engineering,12*12*4,0.576
SKU00114,102.46,"Coding, Programming, and Mathematics",20*12*12,2.880
SKU00115,210.90,Science and Experimentation,15*20*16,4.800
SKU00116,123.27,"Coding, Programming, and Mathematics",20*12*12,2.880
SKU00117,225.03,"Coding, Programming, and Mathematics",20*12*12,2.880
SKU00118,162.07,"Coding, Programming, and Mathematics",12*12*6,0.864
SKU00119,225.16,Science and Experimentation,12*12*4,0.576
SKU00120,185.43,Robotics and Engineering,15*20*16,4.800
SKU00121,192.30,"Coding, Programming, and Mathematics",12*12*6,0.864
SKU00122,145.28,Science and Experimentation,15*17*12,3.060
SKU00123,240.78,"Coding, Programming, and Mathematics",15*20*16,4.800
SKU00124,175.24,"Coding, Programming, and Mathematics",12*12*6,0.864
SKU00125,129.01,Science and Experimentation,15*20*16,4.800
SKU00126,167.34,"Coding, Programming, and Mathematics",15*20*16,4.800
SKU00127,44.03,"Coding, Programming, and Mathematics",12*12*6,0.864
SKU00128,103.33,Robotics and Engineering,20*12*12,2.880
SKU00129,178.64,Science and Experimentation,20*12*12,2.880
SKU00130,100.92,"Coding, Programming, and Mathematics",12*12*6,0.864
SKU00131,169.78,Science and Experimentation,15*20*16,4.800
SKU00132,130.04,Science and Experimentation,20*12*12,2.880
SKU00133,68.45,Robotics and Engineering,12*12*4,0.576
SKU00134,102.64,Robotics and Engineering,15*17*12,3.060
SKU00135,159.69,Robotics and Engineering,15*17*12,3.060
SKU00136,164.08,"Coding, Programming, and Mathematics",12*12*4,0.576
SKU00137,160.61,"Coding, Programming, and Mathematics",12*12*4,0.576
SKU00138,177.17,"Coding, Programming, and Mathematics",12*12*4,0.576
SKU00139,176.94,"Coding, Programming, and Mathematics",15*20*16,4.800
SKU00140,130.60,"Coding, Programming, and Mathematics",20*12*12,2.880
SKU00141,228.27,"Coding, Programming, and Mathematics",12*12*4,0.576
SKU00142,117.19,Science and Experimentation,12*12*6,0.864
SKU00143,131.53,Science and Experimentation,15*17*12,3.060
SKU00144,227.30,Robotics and Engineering,15*17*12,3.060
SKU00145,209.30,"Coding, Programming, and Mathematics",12*12*4,0.576
SKU00146,187.82,Science and Experimentation,20*12*12,2.880
SKU00147,61.05,Robotics and Engineering,12*12*4,0.576
SKU00148,233.09,Robotics and Engineering,12*12*6,0.864
SKU00149,189.99,Robotics and Engineering,12*12*4,0.576
SKU00150,249.76,Robotics and Engineering,15*20*16,4.800
SKU00151,71.38,Science and Experimentation,12*12*4,0.576
SKU00152,222.31,Science and Experimentation,15*20*16,4.800
SKU00153,74.12,Science and Experimentation,20*12*12,2.880
SKU00154,169.27,Robotics and Engineering,20*12*12,2.880
SKU00155,66.00,Robotics and Engineering,12*12*6,0.864
SKU00156,218.08,"Coding, Programming, and Mathematics",20*12*12,2.880
SKU00157,209.54,"Coding, Programming, and Mathematics",15*20*16,4.800
SKU00158,159.51,Robotics and Engineering,20*12*12,2.880
SKU00159,125.51,Science and Experimentation,15*20*16,4.800
SKU00160,54.53,Robotics and Engineering,12*12*6,0.864
SKU00161,186.46,"Coding, Programming, and Mathematics",15*20*16,4.800
SKU00162,135.24,"Coding, Programming, and Mathematics",12*12*4,0.576
SKU00163,191.63,Science and Experimentation,20*12*12,2.880
SKU00164,221.94,Robotics and Engineering,15*17*12,3.060
SKU00165,244.86,"Coding, Programming, and Mathematics",12*12*4,0.576
SKU00166,219.72,Science and Experimentation,15*20*16,4.800
SKU00167,42.46,"Coding, Programming, and Mathematics",12*12*4,0.576
SKU00168,115.60,Science and Experimentation,12*12*4,0.576
SKU00169,193.30,"Coding, Programming, and Mathematics",12*12*4,0.576
SKU00170,76.04,"Coding, Programming, and Mathematics",12*12*4,0.576
SKU00171,149.42,Robotics and Engineering,15*20*16,4.800
SKU00172,51.41,Science and Experimentation,20*12*12,2.880
SKU00173,82.00,Science and Experimentation,20*12*12,2.880
SKU00174,43.89,"Coding, Programming, and Mathematics",12*12*4,0.576
SKU00175,206.68,Robotics and Engineering,15*17*12,3.060
SKU00176,87.02,"Coding, Programming, and Mathematics",20*12*12,2.880
SKU00177,112.52,"Coding, Programming, and Mathematics",15*20*16,4.800
SKU00178,234.90,"Coding, Programming, and Mathematics",15*20*16,4.800
SKU00179,187.93,Science and Experimentation,20*12*12,2.880
SKU00180,46.69,Robotics and Engineering,15*20*16,4.800
SKU00181,74.59,"Coding, Programming, and Mathematics",15*20*16,4.800
SKU00182,170.51,"Coding, Programming, and Mathematics",12*12*6,0.864
SKU00183,161.22,"Coding, Programming, and Mathematics",15*20*16,4.800
SKU00184,89.96,Science and Experimentation,20*12*12,2.880
SKU00185,236.18,"Coding, Programming, and Mathematics",20*12*12,2.880
SKU00186,168.93,Science and Experimentation,15*17*12,3.060
SKU00187,152.48,Science and Experimentation,12*12*4,0.576
SKU00188,163.88,Science and Experimentation,20*12*12,2.880
SKU00189,193.33,Science and Experimentation,15*20*16,4.800
SKU00190,105.51,Science and Experimentation,15*17*12,3.060
SKU00191,123.63,Robotics and Engineering,12*12*6,0.864
SKU00192,84.07,Science and Experimentation,15*17*12,3.060
SKU00193,79.10,Science and Experimentation,15*20*16,4.800
SKU00194,238.32,"Coding, Programming, and Mathematics",20*12*12,2.880
SKU00195,195.31,Robotics and Engineering,15*17*12,3.060
SKU00196,143.00,Robotics and Engineering,15*20*16,4.800
SKU00197,87.76,"Coding, Programming, and Mathematics",12*12*6,0.864
SKU00198,93.41,Science and Experimentation,15*17*12,3.060
SKU00199,52.19,Robotics and Engineering,15*20*16,4.800
SKU00200,131.23,Science and Experimentation,12*12*4,0.576
SKU00201,105.48,"Coding, Programming, and Mathematics",20*12*12,2.880
SKU00202,186.23,Robotics and Engineering,15*20*16,4.800
SKU00203,119.33,Science and Experimentation,12*12*4,0.576
SKU00204,77.72,Robotics and Engineering,20*12*12,2.880
SKU00205,45.18,Robotics and Engineering,20*12*12,2.880
SKU00206,54.12,Science and Experimentation,20*12*12,2.880
SKU00207,182.67,Science and Experimentation,12*12*4,0.576
SKU00208,135.28,Robotics and Engineering,15*17*12,3.060
SKU00209,152.68,"Coding, Programming, and Mathematics",12*12*4,0.576
SKU00210,228.30,Robotics and Engineering,12*12*4,0.576
SKU00211,247.97,"Coding, Programming, and Mathematics",15*20*16,4.800
SKU00212,85.55,Robotics and Engineering,15*20*16,4.800
SKU00213,179.25,Science and Experimentation,12*12*6,0.864
SKU00214,95.30,"Coding, Programming, and Mathematics",12*12*4,0.576
SKU00215,44.34,"Coding, Programming, and Mathematics",12*12*4,0.576
SKU00216,199.26,Robotics and Engineering,12*12*6,0.864
SKU00217,107.20,Robotics and Engineering,12*12*4,0.576
SKU00218,120.53,"Coding, Programming, and Mathematics",12*12*4,0.576
SKU00219,163.55,Science and Experimentation,12*12*6,0.864
SKU00220,214.52,"Coding, Programming, and Mathematics",12*12*6,0.864
SKU00221,172.09,"Coding, Programming, and Mathematics",12*12*6,0.864
SKU00222,223.26,Science and Experimentation,20*12*12,2.880
SKU00223,97.44,Science and Experimentation,15*20*16,4.800
SKU00224,207.59,Robotics and Engineering,12*12*6,0.864
SKU00225,78.98,Robotics and Engineering,20*12*12,2.880
SKU00226,240.09,Robotics and Engineering,15*20*16,4.800
SKU00227,184.37,Science and Experimentation,12*12*6,0.864
SKU00228,85.26,"Coding, Programming, and Mathematics",12*12*4,0.576
SKU00229,238.95,Science and Experimentation,12*12*4,0.576
SKU00230,193.48,Robotics and Engineering,15*20*16,4.800
SKU00231,93.33,"Coding, Programming, and Mathematics",15*17*12,3.060
SKU00232,84.80,Robotics and Engineering,15*20*16,4.800
SKU00233,148.82,"Coding, Programming, and Mathematics",20*12*12,2.880
SKU00234,45.39,Science and Experimentation,12*12*4,0.576
SKU00235,83.57,Robotics and Engineering,12*12*4,0.576
SKU00236,129.18,Science and Experimentation,12*12*6,0.864
SKU00237,118.58,Science and Experimentation,20*12*12,2.880
SKU00238,137.35,Science and Experimentation,15*17*12,3.060
SKU00239,98.30,"Coding, Programming, and Mathematics",20*12*12,2.880
SKU00240,163.22,Science and Experimentation,20*12*12,2.880
SKU00241,221.41,Science and Experimentation,20*12*12,2.880
SKU00242,64.68,"Coding, Programming, and Mathematics",20*12*12,2.880
SKU00243,148.65,Science and Experimentation,15*17*12,3.060
SKU00244,67.73,Science and Experimentation,20*12*12,2.880
SKU00245,190.54,Science and Experimentation,15*17*12,3.060
SKU00246,123.17,"Coding, Programming, and Mathematics",15*20*16,4.800
SKU00247,158.74,"Coding, Programming, and Mathematics",20*12*12,2.880
SKU00248,78.49,Robotics and Engineering,12*12*6,0.864
SKU00249,70.42,Science and Experimentation,15*17*12,3.060
SKU00250,142.49,"Coding, Programming, and Mathematics",15*17*12,3.060
SKU00251,114.68,Science and Experimentation,20*12*12,2.880
SKU00252,237.49,"Coding, Programming, and Mathematics",12*12*6,0.864
SKU00253,200.72,"Coding, Programming, and Mathematics",12*12*6,0.864
SKU00254,197.22,"Coding, Programming, and Mathematics",20*12*12,2.880
SKU00255,229.78,Robotics and Engineering,12*12*6,0.864
SKU00256,57.52,Science and Experimentation,15*17*12,3.060
SKU00257,155.96,"Coding, Programming, and Mathematics",20*12*12,2.880
SKU00258,162.74,Science and Experimentation,20*12*12,2.880
SKU00259,242.01,"Coding, Programming, and Mathematics",20*12*12,2.880
SKU00260,101.35,Science and Experimentation,15*20*16,4.800
SKU00261,90.57,Science and Experimentation,20*12*12,2.880
SKU00262,61.06,"Coding, Programming, and Mathematics",12*12*4,0.576
SKU00263,43.45,Science and Experimentation,12*12*4,0.576
SKU00264,235.20,Robotics and Engineering,15*17*12,3.060
SKU00265,180.68,Robotics and Engineering,15*20*16,4.800
SKU00266,204.88,Science and Experimentation,15*20*16,4.800
SKU00267,99.16,Science and Experimentation,12*12*6,0.864
SKU00268,163.15,"Coding, Programming, and Mathematics",20*12*12,2.880
SKU00269,53.43,"Coding, Programming, and Mathematics",12*12*4,0.576
SKU00270,141.98,Science and Experimentation,15*20*16,4.800
SKU00271,245.27,Science and Experimentation,12*12*4,0.576
SKU00272,224.07,Science and Experimentation,12*12*4,0.576
SKU00273,111.01,Science and Experimentation,20*12*12,2.880
SKU00274,241.93,Robotics and Engineering,12*12*4,0.576
SKU00275,88.66,Science and Experimentation,15*17*12,3.060
SKU00276,239.36,"Coding, Programming, and Mathematics",15*17*12,3.060
SKU00277,237.69,Robotics and Engineering,15*20*16,4.800
SKU00278,207.83,Science and Experimentation,15*20*16,4.800
SKU00279,172.39,"Coding, Programming, and Mathematics",12*12*6,0.864
SKU00280,223.60,Robotics and Engineering,12*12*4,0.576
SKU00281,101.53,Science and Experimentation,15*20*16,4.800
SKU00282,218.28,Science and Experimentation,20*12*12,2.880
SKU00283,169.75,Science and Experimentation,15*20*16,4.800
SKU00284,42.78,Science and Experimentation,15*17*12,3.060
SKU00285,112.92,Robotics and Engineering,12*12*4,0.576
SKU00286,71.11,"Coding, Programming, and Mathematics",15*17*12,3.060
SKU00287,246.18,Science and Experimentation,15*20*16,4.800
SKU00288,140.46,Robotics and Engineering,15*20*16,4.800
SKU00289,144.45,Robotics and Engineering,15*17*12,3.060
SKU00290,174.29,"Coding, Programming, and Mathematics",12*12*6,0.864
SKU00291,117.40,Robotics and Engineering,12*12*6,0.864
SKU00292,68.75,Robotics and Engineering,15*20*16,4.800
SKU00293,212.64,"Coding, Programming, and Mathematics",12*12*6,0.864
SKU00294,79.87,Robotics and Engineering,15*17*12,3.060
SKU00295,147.38,Robotics and Engineering,12*12*4,0.576
SKU00296,87.11,"Coding, Programming, and Mathematics",15*20*16,4.800
SKU00297,60.55,Robotics and Engineering,20*12*12,2.880
SKU00298,221.06,"Coding, Programming, and Mathematics",12*12*6,0.864
SKU00299,244.31,Science and Experimentation,12*12*6,0.864
SKU00300,241.78,Science and Experimentation,20*12*12,2.880
SKU00301,230.38,Science and Experimentation,20*12*12,2.880
SKU00302,202.55,Science and Experimentation,15*17*12,3.060
SKU00303,109.96,Robotics and Engineering,15*17*12,3.060
SKU00304,57.03,Science and Experimentation,12*12*6,0.864
SKU00305,125.52,"Coding, Programming, and Mathematics",12*12*4,0.576
SKU00306,88.77,"Coding, Programming, and Mathematics",15*17*12,3.060
SKU00307,67.82,"Coding, Programming, and Mathematics",15*17*12,3.060
SKU00308,51.22,"Coding, Programming, and Mathematics",15*20*16,4.800
SKU00309,192.37,Science and Experimentation,15*20*16,4.800
SKU00310,42.40,"Coding, Programming, and Mathematics",15*17*12,3.060
SKU00311,201.82,Science and Experimentation,12*12*4,0.576
SKU00312,70.86,"Coding, Programming, and Mathematics",12*12*6,0.864
SKU00313,56.70,"Coding, Programming, and Mathematics",20*12*12,2.880
SKU00314,58.82,Science and Experimentation,15*17*12,3.060
SKU00315,181.13,Science and Experimentation,12*12*4,0.576
SKU00316,91.53,Robotics and Engineering,12*12*4,0.576
SKU00317,128.31,Robotics and Engineering,12*12*4,0.576
SKU00318,157.05,Robotics and Engineering,15*17*12,3.060
SKU00319,220.72,"Coding, Programming, and Mathematics",15*17*12,3.060
SKU00320,192.68,"Coding, Programming, and Mathematics",12*12*4,0.576
SKU00321,96.77,"Coding, Programming, and Mathematics",12*12*4,0.576
SKU00322,67.61,Robotics and Engineering,15*17*12,3.060
SKU00323,51.63,Robotics and Engineering,12*12*6,0.864
SKU00324,103.34,Robotics and Engineering,15*17*12,3.060
SKU00325,95.04,"Coding, Programming, and Mathematics",15*20*16,4.800
SKU00326,135.79,Science and Experimentation,12*12*4,0.576
SKU00327,183.49,Robotics and Engineering,12*12*6,0.864
SKU00328,186.08,Science and Experimentation,20*12*12,2.880
SKU00329,99.54,"Coding, Programming, and Mathematics",15*17*12,3.060
SKU00330,119.78,Robotics and Engineering,12*12*4,0.576
SKU00331,78.04,"Coding, Programming, and Mathematics",15*17*12,3.060
SKU00332,205.59,Science and Experimentation,20*12*12,2.880
SKU00333,51.94,"Coding, Programming, and Mathematics",15*17*12,3.060
SKU00334,186.37,"Coding, Programming, and Mathematics",12*12*6,0.864
SKU00335,203.53,Robotics and Engineering,20*12*12,2.880
SKU00336,203.26,Science and Experimentation,15*20*16,4.800
SKU00337,94.48,Robotics and Engineering,15*20*16,4.800
SKU00338,118.50,"Coding, Programming, and Mathematics",12*12*4,0.576
SKU00339,163.40,"Coding, Programming, and Mathematics",15*20*16,4.800
SKU00340,97.29,Science and Experimentation,15*17*12,3.060
SKU00341,117.88,"Coding, Programming, and Mathematics",12*12*6,0.864
SKU00342,81.38,Robotics and Engineering,15*20*16,4.800
SKU00343,136.57,Science and Experimentation,12*12*4,0.576
SKU00344,49.37,"Coding, Programming, and Mathematics",15*17*12,3.060
SKU00345,207.96,Robotics and Engineering,12*12*4,0.576
SKU00346,56.16,Robotics and Engineering,12*12*4,0.576
SKU00347,148.96,Science and Experimentation,12*12*6,0.864
SKU00348,104.43,"Coding, Programming, and Mathematics",12*12*6,0.864
SKU00349,161.28,Robotics and Engineering,12*12*4,0.576
SKU00350,241.48,Science and Experimentation,12*12*4,0.576
SKU00351,175.57,Robotics and Engineering,15*20*16,4.800
SKU00352,47.43,"Coding, Programming, and Mathematics",15*20*16,4.800
SKU00353,130.38,Robotics and Engineering,20*12*12,2.880
SKU00354,147.10,"Coding, Programming, and Mathematics",12*12*6,0.864
SKU00355,152.60,Robotics and Engineering,15*20*16,4.800
SKU00356,183.09,"Coding, Programming, and Mathematics",12*12*4,0.576
SKU00357,98.30,Robotics and Engineering,15*20*16,4.800
SKU00358,67.06,Robotics and Engineering,20*12*12,2.880
SKU00359,122.46,Science and Experimentation,15*20*16,4.800
SKU00360,240.85,"Coding, Programming, and Mathematics",12*12*4,0.576
SKU00361,79.30,Robotics and Engineering,15*20*16,4.800
SKU00362,229.84,Science and Experimentation,15*20*16,4.800
SKU00363,154.20,Robotics and Engineering,12*12*6,0.864
SKU00364,135.95,Science and Experimentation,12*12*6,0.864
SKU00365,225.23,Robotics and Engineering,20*12*12,2.880
SKU00366,136.31,Science and Experimentation,20*12*12,2.880
SKU00367,192.08,"Coding, Programming, and Mathematics",15*20*16,4.800
SKU00368,123.80,Robotics and Engineering,12*12*6,0.864
SKU00369,229.85,"Coding, Programming, and Mathematics",12*12*6,0.864
SKU00370,184.91,"Coding, Programming, and Mathematics",15*20*16,4.800
SKU00371,186.92,Science and Experimentation,12*12*6,0.864
SKU00372,108.82,"Coding, Programming, and Mathematics",15*17*12,3.060
SKU00373,198.92,Science and Experimentation,12*12*4,0.576
SKU00374,173.57,Science and Experimentation,15*17*12,3.060
SKU00375,90.40,Science and Experimentation,15*17*12,3.060
SKU00376,73.71,Science and Experimentation,15*17*12,3.060
SKU00377,207.24,Science and Experimentation,12*12*6,0.864
SKU00378,241.42,Robotics and Engineering,15*20*16,4.800
SKU00379,136.21,Robotics and Engineering,20*12*12,2.880
SKU00380,164.11,"Coding, Programming, and Mathematics",12*12*4,0.576
SKU00381,220.12,Robotics and Engineering,12*12*4,0.576
SKU00382,136.02,Science and Experimentation,15*17*12,3.060
SKU00383,239.89,Science and Experimentation,20*12*12,2.880
SKU00384,160.91,Robotics and Engineering,15*20*16,4.800
SKU00385,212.36,"Coding, Programming, and Mathematics",20*12*12,2.880
SKU00386,230.86,"Coding, Programming, and Mathematics",20*12*12,2.880
SKU00387,211.26,Robotics and Engineering,12*12*4,0.576
SKU00388,73.48,Science and Experimentation,12*12*6,0.864
SKU00389,172.07,Science and Experimentation,15*17*12,3.060
SKU00390,123.67,"Coding, Programming, and Mathematics",12*12*6,0.864
SKU00391,53.17,Robotics and Engineering,12*12*4,0.576
SKU00392,129.05,Science and Experimentation,20*12*12,2.880
SKU00393,94.32,"Coding, Programming, and Mathematics",15*17*12,3.060
SKU00394,218.30,"Coding, Programming, and Mathematics",15*20*16,4.800
SKU00395,46.99,Robotics and Engineering,15*20*16,4.800
SKU00396,241.39,"Coding, Programming, and Mathematics",20*12*12,2.880
SKU00397,114.63,Science and Experimentation,12*12*6,0.864
SKU00398,114.91,"Coding, Programming, and Mathematics",12*12*6,0.864
SKU00399,43.43,"Coding, Programming, and Mathematics",15*17*12,3.060
SKU00400,78.90,"Coding, Programming, and Mathematics",12*12*4,0.576
SKU00401,124.26,Robotics and Engineering,12*12*6,0.864
SKU00402,235.15,Science and Experimentation,15*20*16,4.800
SKU00403,60.92,"Coding, Programming, and Mathematics",15*20*16,4.800
SKU00404,238.51,Robotics and Engineering,15*20*16,4.800
SKU00405,222.59,"Coding, Programming, and Mathematics",12*12*6,0.864
SKU00406,135.37,Science and Experimentation,20*12*12,2.880
SKU00407,108.61,"Coding, Programming, and Mathematics",12*12*6,0.864
SKU00408,88.88,Robotics and Engineering,12*12*6,0.864
SKU00409,169.04,"Coding, Programming, and Mathematics",15*17*12,3.060
SKU00410,46.95,"Coding, Programming, and Mathematics",12*12*4,0.576
SKU00411,43.28,"Coding, Programming, and Mathematics",12*12*6,0.864
SKU00412,130.05,Robotics and Engineering,12*12*6,0.864
SKU00413,54.30,"Coding, Programming, and Mathematics",12*12*4,0.576
SKU00414,92.91,"Coding, Programming, and Mathematics",15*20*16,4.800
SKU00415,86.44,Robotics and Engineering,12*12*4,0.576
SKU00416,93.17,Robotics and Engineering,12*12*6,0.864
SKU00417,67.52,Science and Experimentation,20*12*12,2.880
SKU00418,42.53,Robotics and Engineering,15*17*12,3.060
SKU00419,64.25,"Coding, Programming, and Mathematics",15*17*12,3.060
SKU00420,169.88,"Coding, Programming, and Mathematics",12*12*4,0.576
SKU00421,244.59,Robotics and Engineering,12*12*4,0.576
SKU00422,247.97,Science and Experimentation,15*20*16,4.800
SKU00423,125.90,Robotics and Engineering,15*17*12,3.060
SKU00424,74.22,Science and Experimentation,12*12*4,0.576
SKU00425,174.14,Robotics and Engineering,12*12*6,0.864
SKU00426,142.96,Science and Experimentation,12*12*6,0.864
SKU00427,247.78,Science and Experimentation,20*12*12,2.880
SKU00428,53.71,"Coding, Programming, and Mathematics",20*12*12,2.880
SKU00429,204.48,Science and Experimentation,12*12*4,0.576
SKU00430,100.56,"Coding, Programming, and Mathematics",15*20*16,4.800
SKU00431,90.70,Robotics and Engineering,15*20*16,4.800
SKU00432,179.13,Robotics and Engineering,15*20*16,4.800
SKU00433,91.67,Robotics and Engineering,15*20*16,4.800
SKU00434,179.83,Robotics and Engineering,15*17*12,3.060
SKU00435,148.63,Robotics and Engineering,15*20*16,4.800
SKU00436,129.06,"Coding, Programming, and Mathematics",20*12*12,2.880
SKU00437,156.48,Robotics and Engineering,20*12*12,2.880
SKU00438,100.28,Science and Experimentation,15*17*12,3.060
SKU00439,188.38,"Coding, Programming, and Mathematics",12*12*4,0.576
SKU00440,127.12,Science and Experimentation,12*12*6,0.864
SKU00441,115.71,"Coding, Programming, and Mathematics",20*12*12,2.880
SKU00442,214.02,Science and Experimentation,20*12*12,2.880
SKU00443,234.24,"Coding, Programming, and Mathematics",15*17*12,3.060
SKU00444,49.66,Robotics and Engineering,20*12*12,2.880
SKU00445,88.85,"Coding, Programming, and Mathematics",12*12*6,0.864
SKU00446,113.19,"Coding, Programming, and Mathematics",15*17*12,3.060
SKU00447,211.14,Science and Experimentation,15*20*16,4.800
SKU00448,246.95,"Coding, Programming, and Mathematics",15*20*16,4.800
SKU00449,243.48,"Coding, Programming, and Mathematics",15*20*16,4.800
SKU00450,230.04,Robotics and Engineering,12*12*6,0.864
SKU00451,102.28,Science and Experimentation,12*12*4,0.576
SKU00452,248.32,"Coding, Programming, and Mathematics",20*12*12,2.880
SKU00453,92.38,Science and Experimentation,12*12*6,0.864
SKU00454,62.24,"Coding, Programming, and Mathematics",12*12*4,0.576
SKU00455,239.70,"Coding, Programming, and Mathematics",15*17*12,3.060
SKU00456,89.02,Science and Experimentation,12*12*6,0.864
SKU00457,184.85,Robotics and Engineering,15*17*12,3.060
SKU00458,52.25,"Coding, Programming, and Mathematics",12*12*4,0.576
SKU00459,193.45,"Coding, Programming, and Mathematics",12*12*6,0.864
SKU00460,225.16,"Coding, Programming, and Mathematics",20*12*12,2.880
SKU00461,97.21,Science and Experimentation,12*12*4,0.576
SKU00462,119.60,Robotics and Engineering,20*12*12,2.880
SKU00463,118.60,"Coding, Programming, and Mathematics",15*17*12,3.060
SKU00464,197.25,"Coding, Programming, and Mathematics",20*12*12,2.880
SKU00465,89.94,"Coding, Programming, and Mathematics",12*12*6,0.864
SKU00466,76.09,Science and Experimentation,12*12*6,0.864
SKU00467,134.35,Science and Experimentation,15*20*16,4.800
SKU00468,103.94,Science and Experimentation,20*12*12,2.880
SKU00469,216.23,Science and Experimentation,15*20*16,4.800
SKU00470,89.93,Robotics and Engineering,12*12*4,0.576
SKU00471,145.50,Science and Experimentation,15*17*12,3.060
SKU00472,237.94,Science and Experimentation,12*12*4,0.576
SKU00473,173.14,"Coding, Programming, and Mathematics",15*17*12,3.060
SKU00474,222.13,Science and Experimentation,20*12*12,2.880
SKU00475,237.44,Robotics and Engineering,12*12*6,0.864
SKU00476,197.66,Robotics and Engineering,20*12*12,2.880
SKU00477,186.91,"Coding, Programming, and Mathematics",15*17*12,3.060
SKU00478,243.27,Robotics and Engineering,15*20*16,4.800
SKU00479,248.82,Science and Experimentation,15*17*12,3.060
SKU00480,134.88,Science and Experimentation,15*20*16,4.800
SKU00481,54.88,Robotics and Engineering,12*12*4,0.576
SKU00482,101.49,Robotics and Engineering,12*12*6,0.864
SKU00483,71.99,Science and Experimentation,12*12*4,0.576
SKU00484,127.67,"Coding, Programming, and Mathematics",20*12*12,2.880
SKU00485,67.57,Science and Experimentation,15*20*16,4.800
SKU00486,166.86,"Coding, Programming, and Mathematics",15*20*16,4.800
SKU00487,120.39,"Coding, Programming, and Mathematics",12*12*4,0.576
SKU00488,228.03,Robotics and Engineering,12*12*6,0.864
SKU00489,243.24,"Coding, Programming, and Mathematics",12*12*6,0.864
SKU00490,154.85,Science and Experimentation,12*12*4,0.576
SKU00491,97.71,Science and Experimentation,12*12*6,0.864
SKU00492,164.37,Robotics and Engineering,20*12*12,2.880
SKU00493,228.32,"Coding, Programming, and Mathematics",15*17*12,3.060
SKU00494,125.41,Science and Experimentation,15*20*16,4.800
SKU00495,155.94,"Coding, Programming, and Mathematics",15*20*16,4.800
SKU00496,97.05,Science and Experimentation,15*20*16,4.800
SKU00497,135.64,Science and Experimentation,15*17*12,3.060
SKU00498,124.36,Science and Experimentation,20*12*12,2.880
SKU00499,92.17,Science and Experimentation,12*12*4,0.576
SKU00500,146.23,Robotics and Engineering,12*12*6,0.864
SKU00501,105.18,Robotics and Engineering,12*12*6,0.864
SKU00502,118.34,"Coding, Programming, and Mathematics",15*17*12,3.060
SKU00503,150.24,"Coding, Programming, and Mathematics",15*20*16,4.800
SKU00504,197.62,Robotics and Engineering,12*12*6,0.864
SKU00505,110.04,Science and Experimentation,12*12*4,0.576
SKU00506,234.07,"Coding, Programming, and Mathematics",12*12*6,0.864
SKU00507,221.09,"Coding, Programming, and Mathematics",15*20*16,4.800
SKU00508,50.22,Robotics and Engineering,12*12*4,0.576
SKU00509,93.26,"Coding, Programming, and Mathematics",15*20*16,4.800
SKU00510,133.69,Robotics and Engineering,15*20*16,4.800
SKU00511,61.97,Science and Experimentation,15*17*12,3.060
SKU00512,113.18,"Coding, Programming, and Mathematics",15*20*16,4.800
SKU00513,195.42,Science and Experimentation,12*12*4,0.576
SKU00514,182.91,Science and Experimentation,15*17*12,3.060
SKU00515,170.70,Robotics and Engineering,15*17*12,3.060
SKU00516,189.21,Science and Experimentation,12*12*4,0.576
SKU00517,83.03,Robotics and Engineering,15*17*12,3.060
SKU00518,111.76,Robotics and Engineering,12*12*4,0.576
SKU00519,182.01,"Coding, Programming, and Mathematics",12*12*6,0.864
SKU00520,224.64,Science and Experimentation,15*17*12,3.060
SKU00521,154.17,Robotics and Engineering,12*12*6,0.864
SKU00522,99.37,"Coding, Programming, and Mathematics",15*17*12,3.060
SKU00523,46.35,Robotics and Engineering,15*20*16,4.800
SKU00524,189.17,Science and Experimentation,12*12*4,0.576
SKU00525,41.66,Science and Experimentation,15*20*16,4.800
SKU00526,118.26,"Coding, Programming, and Mathematics",12*12*6,0.864
SKU00527,151.41,"Coding, Programming, and Mathematics",12*12*4,0.576
SKU00528,233.64,"Coding, Programming, and Mathematics",12*12*4,0.576
SKU00529,58.79,"Coding, Programming, and Mathematics",12*12*6,0.864
SKU00530,125.25,"Coding, Programming, and Mathematics",12*12*4,0.576
SKU00531,45.11,Science and Experimentation,12*12*4,0.576
SKU00532,111.95,"Coding, Programming, and Mathematics",15*17*12,3.060
SKU00533,170.67,"Coding, Programming, and Mathematics",20*12*12,2.880
SKU00534,98.60,"Coding, Programming, and Mathematics",15*20*16,4.800
SKU00535,84.05,"Coding, Programming, and Mathematics",20*12*12,2.880
SKU00536,64.30,Science and Experimentation,12*12*4,0.576
SKU00537,161.20,Science and Experimentation,20*12*12,2.880
SKU00538,186.01,Robotics and Engineering,15*17*12,3.060
SKU00539,181.11,"Coding, Programming, and Mathematics",12*12*6,0.864
SKU00540,239.26,"Coding, Programming, and Mathematics",12*12*6,0.864
SKU00541,40.57,Science and Experimentation,20*12*12,2.880
SKU00542,175.91,Science and Experimentation,15*17*12,3.060
SKU00543,166.08,Science and Experimentation,12*12*6,0.864
SKU00544,163.64,"Coding, Programming, and Mathematics",20*12*12,2.880
SKU00545,242.18,Robotics and Engineering,20*12*12,2.880
SKU00546,43.54,Robotics and Engineering,15*20*16,4.800
SKU00547,186.26,Science and Experimentation,15*17*12,3.060
SKU00548,210.87,Science and Experimentation,15*20*16,4.800
SKU00549,147.06,Science and Experimentation,20*12*12,2.880
SKU00550,110.13,Science and Experimentation,15*20*16,4.800
SKU00551,206.08,Robotics and Engineering,15*20*16,4.800
SKU00552,60.42,Robotics and Engineering,20*12*12,2.880
SKU00553,132.83,Science and Experimentation,12*12*6,0.864
SKU00554,149.19,Robotics and Engineering,12*12*4,0.576
SKU00555,185.73,Science and Experimentation,12*12*6,0.864
SKU00556,59.09,Robotics and Engineering,15*17*12,3.060
SKU00557,87.83,"Coding, Programming, and Mathematics",12*12*6,0.864
SKU00558,126.16,"Coding, Programming, and Mathematics",20*12*12,2.880
SKU00559,170.89,Robotics and Engineering,15*20*16,4.800
SKU00560,226.26,Science and Experimentation,15*17*12,3.060
SKU00561,169.95,Robotics and Engineering,15*17*12,3.060
SKU00562,68.03,Science and Experimentation,15*17*12,3.060
SKU00563,245.92,Science and Experimentation,15*20*16,4.800
SKU00564,223.08,Science and Experimentation,12*12*6,0.864
SKU00565,145.57,Science and Experimentation,15*20*16,4.800
SKU00566,233.69,Robotics and Engineering,12*12*4,0.576
SKU00567,153.69,Robotics and Engineering,15*17*12,3.060
SKU00568,233.89,"Coding, Programming, and Mathematics",20*12*12,2.880
SKU00569,214.28,Science and Experimentation,15*20*16,4.800
SKU00570,243.34,"Coding, Programming, and Mathematics",15*17*12,3.060
SKU00571,233.15,Robotics and Engineering,15*20*16,4.800
SKU00572,47.57,Robotics and Engineering,15*20*16,4.800
SKU00573,76.70,Science and Experimentation,12*12*6,0.864
SKU00574,121.72,Robotics and Engineering,15*20*16,4.800
SKU00575,239.95,Science and Experimentation,20*12*12,2.880
SKU00576,103.01,"Coding, Programming, and Mathematics",12*12*4,0.576
SKU00577,73.70,Science and Experimentation,12*12*4,0.576
SKU00578,226.12,Robotics and Engineering,15*20*16,4.800
SKU00579,133.74,Robotics and Engineering,15*20*16,4.800
SKU00580,230.65,Robotics and Engineering,15*20*16,4.800
SKU00581,73.65,"Coding, Programming, and Mathematics",12*12*4,0.576
SKU00582,178.83,Science and Experimentation,15*20*16,4.800
SKU00583,132.46,"Coding, Programming, and Mathematics",12*12*6,0.864
SKU00584,56.06,Robotics and Engineering,15*20*16,4.800
SKU00585,186.26,Science and Experimentation,20*12*12,2.880
SKU00586,91.95,"Coding, Programming, and Mathematics",20*12*12,2.880
SKU00587,48.32,Science and Experimentation,12*12*4,0.576
SKU00588,52.59,Robotics and Engineering,20*12*12,2.880
SKU00589,52.83,"Coding, Programming, and Mathematics",12*12*4,0.576
SKU00590,230.62,Science and Experimentation,20*12*12,2.880
SKU00591,195.38,Science and Experimentation,12*12*4,0.576
SKU00592,228.59,Robotics and Engineering,15*17*12,3.060
SKU00593,181.24,Robotics and Engineering,20*12*12,2.880
SKU00594,151.08,Robotics and Engineering,15*20*16,4.800
SKU00595,103.93,"Coding, Programming, and Mathematics",12*12*4,0.576
SKU00596,249.57,"Coding, Programming, and Mathematics",12*12*4,0.576
SKU00597,116.06,Science and Experimentation,12*12*6,0.864
SKU00598,138.84,Science and Experimentation,15*17*12,3.060
SKU00599,119.43,"Coding, Programming, and Mathematics",15*17*12,3.060
SKU00600,245.70,Science and Experimentation,15*20*16,4.800
SKU00601,76.68,"Coding, Programming, and Mathematics",12*12*4,0.576
SKU00602,108.88,Science and Experimentation,15*17*12,3.060
SKU00603,182.87,"Coding, Programming, and Mathematics",15*17*12,3.060
SKU00604,53.27,Science and Experimentation,12*12*6,0.864
SKU00605,167.52,Science and Experimentation,15*20*16,4.800
SKU00606,140.31,"Coding, Programming, and Mathematics",15*20*16,4.800
SKU00607,99.64,Robotics and Engineering,15*17*12,3.060
SKU00608,90.07,"Coding, Programming, and Mathematics",20*12*12,2.880
SKU00609,148.05,"Coding, Programming, and Mathematics",12*12*6,0.864
SKU00610,117.26,Robotics and Engineering,20*12*12,2.880
SKU00611,135.87,Science and Experimentation,12*12*6,0.864
SKU00612,110.87,Robotics and Engineering,20*12*12,2.880
SKU00613,243.80,Robotics and Engineering,15*20*16,4.800
SKU00614,68.02,Robotics and Engineering,12*12*4,0.576
SKU00615,60.33,Science and Experimentation,15*20*16,4.800
SKU00616,112.11,"Coding, Programming, and Mathematics",15*17*12,3.060
SKU00617,164.12,Robotics and Engineering,20*12*12,2.880
SKU00618,178.43,Science and Experimentation,15*17*12,3.060
SKU00619,123.42,Science and Experimentation,15*20*16,4.800
SKU00620,249.85,"Coding, Programming, and Mathematics",20*12*12,2.880
SKU00621,113.90,"Coding, Programming, and Mathematics",12*12*6,0.864
SKU00622,191.50,Robotics and Engineering,12*12*4,0.576
SKU00623,173.89,Science and Experimentation,15*20*16,4.800
SKU00624,210.74,"Coding, Programming, and Mathematics",15*20*16,4.800
SKU00625,245.01,Robotics and Engineering,12*12*4,0.576
SKU00626,226.86,Science and Experimentation,15*20*16,4.800
SKU00627,200.56,Science and Experimentation,20*12*12,2.880
SKU00628,186.63,"Coding, Programming, and Mathematics",20*12*12,2.880
SKU00629,110.45,Science and Experimentation,15*20*16,4.800
SKU00630,71.01,Science and Experimentation,20*12*12,2.880
SKU00631,53.15,"Coding, Programming, and Mathematics",15*20*16,4.800
SKU00632,90.80,Science and Experimentation,15*20*16,4.800
SKU00633,130.78,Science and Experimentation,12*12*6,0.864
SKU00634,149.62,Robotics and Engineering,12*12*4,0.576
SKU00635,202.35,Science and Experimentation,20*12*12,2.880
SKU00636,241.34,"Coding, Programming, and Mathematics",12*12*4,0.576
SKU00637,64.64,Science and Experimentation,12*12*6,0.864
SKU00638,62.47,"Coding, Programming, and Mathematics",15*17*12,3.060
SKU00639,163.84,"Coding, Programming, and Mathematics",15*20*16,4.800
SKU00640,196.53,Science and Experimentation,20*12*12,2.880
SKU00641,218.11,"Coding, Programming, and Mathematics",15*17*12,3.060
SKU00642,236.52,Robotics and Engineering,15*17*12,3.060
SKU00643,246.52,"Coding, Programming, and Mathematics",20*12*12,2.880
SKU00644,123.96,Robotics and Engineering,15*17*12,3.060
SKU00645,119.87,"Coding, Programming, and Mathematics",15*20*16,4.800
SKU00646,71.04,Science and Experimentation,15*20*16,4.800
SKU00647,183.84,"Coding, Programming, and Mathematics",15*20*16,4.800
SKU00648,177.92,"Coding, Programming, and Mathematics",12*12*6,0.864
SKU00649,221.03,"Coding, Programming, and Mathematics",15*17*12,3.060
SKU00650,60.42,Robotics and Engineering,15*20*16,4.800
SKU00651,144.53,Robotics and Engineering,12*12*6,0.864
SKU00652,162.03,Robotics and Engineering,15*20*16,4.800
SKU00653,90.73,Robotics and Engineering,15*20*16,4.800
SKU00654,75.50,Robotics and Engineering,20*12*12,2.880
SKU00655,220.51,Science and Experimentation,15*20*16,4.800
SKU00656,52.29,"Coding, Programming, and Mathematics",15*20*16,4.800
SKU00657,138.83,"Coding, Programming, and Mathematics",15*20*16,4.800
SKU00658,64.33,Science and Experimentation,15*20*16,4.800
SKU00659,135.98,Science and Experimentation,15*20*16,4.800
SKU00660,245.79,Science and Experimentation,12*12*4,0.576
SKU00661,128.98,Science and Experimentation,12*12*4,0.576
SKU00662,220.00,Robotics and Engineering,12*12*6,0.864
SKU00663,64.64,"Coding, Programming, and Mathematics",12*12*6,0.864
SKU00664,96.96,Science and Experimentation,12*12*6,0.864
SKU00665,124.80,Science and Experimentation,12*12*4,0.576
SKU00666,123.96,"Coding, Programming, and Mathematics",12*12*6,0.864
SKU00667,180.99,Science and Experimentation,20*12*12,2.880
SKU00668,112.39,Robotics and Engineering,15*17*12,3.060
SKU00669,189.89,Robotics and Engineering,20*12*12,2.880
SKU00670,174.23,Robotics and Engineering,15*17*12,3.060
SKU00671,123.82,Science and Experimentation,15*17*12,3.060
SKU00672,130.67,"Coding, Programming, and Mathematics",15*20*16,4.800
SKU00673,169.05,Science and Experimentation,12*12*6,0.864
SKU00674,54.71,"Coding, Programming, and Mathematics",15*17*12,3.060
SKU00675,212.71,Robotics and Engineering,15*20*16,4.800
SKU00676,177.22,Robotics and Engineering,20*12*12,2.880
SKU00677,192.53,"Coding, Programming, and Mathematics",15*20*16,4.800
SKU00678,152.75,Science and Experimentation,15*17*12,3.060
SKU00679,63.20,Science and Experimentation,15*20*16,4.800
SKU00680,125.06,Science and Experimentation,15*20*16,4.800
SKU00681,125.13,Robotics and Engineering,20*12*12,2.880
SKU00682,107.42,Science and Experimentation,20*12*12,2.880
SKU00683,46.29,"Coding, Programming, and Mathematics",15*17*12,3.060
SKU00684,194.82,Science and Experimentation,15*20*16,4.800
SKU00685,63.05,Science and Experimentation,12*12*4,0.576
SKU00686,167.32,"Coding, Programming, and Mathematics",15*20*16,4.800
SKU00687,187.68,"Coding, Programming, and Mathematics",15*17*12,3.060
SKU00688,173.31,Robotics and Engineering,12*12*4,0.576
SKU00689,241.42,Robotics and Engineering,15*20*16,4.800
SKU00690,61.69,Science and Experimentation,20*12*12,2.880
SKU00691,222.11,Science and Experimentation,15*17*12,3.060
SKU00692,46.13,Robotics and Engineering,15*20*16,4.800
SKU00693,152.33,Science and Experimentation,20*12*12,2.880
SKU00694,124.89,Science and Experimentation,15*17*12,3.060
SKU00695,150.08,"Coding, Programming, and Mathematics",12*12*4,0.576
SKU00696,116.67,Science and Experimentation,12*12*4,0.576
SKU00697,80.02,"Coding, Programming, and Mathematics",15*17*12,3.060
SKU00698,44.02,Robotics and Engineering,20*12*12,2.880
SKU00699,148.81,Science and Experimentation,12*12*4,0.576
SKU00700,216.98,"Coding, Programming, and Mathematics",15*17*12,3.060
SKU00701,118.38,"Coding, Programming, and Mathematics",15*20*16,4.800
SKU00702,86.80,"Coding, Programming, and Mathematics",15*17*12,3.060
SKU00703,56.91,"Coding, Programming, and Mathematics",15*17*12,3.060
SKU00704,57.92,Science and Experimentation,15*17*12,3.060
SKU00705,86.49,Robotics and Engineering,20*12*12,2.880
SKU00706,61.00,"Coding, Programming, and Mathematics",12*12*6,0.864
SKU00707,95.66,Robotics and Engineering,15*20*16,4.800
SKU00708,53.89,"Coding, Programming, and Mathematics",20*12*12,2.880
SKU00709,53.78,"Coding, Programming, and Mathematics",15*17*12,3.060
SKU00710,219.82,"Coding, Programming, and Mathematics",15*20*16,4.800
SKU00711,74.05,Robotics and Engineering,20*12*12,2.880
SKU00712,157.53,Robotics and Engineering,12*12*4,0.576
SKU00713,202.43,Robotics and Engineering,15*20*16,4.800
SKU00714,135.85,Science and Experimentation,12*12*6,0.864
SKU00715,72.21,Robotics and Engineering,12*12*6,0.864
SKU00716,81.92,Science and Experimentation,15*20*16,4.800
SKU00717,130.93,Science and Experimentation,15*20*16,4.800
SKU00718,150.93,Robotics and Engineering,15*17*12,3.060
SKU00719,113.38,"Coding, Programming, and Mathematics",15*17*12,3.060
SKU00720,204.11,"Coding, Programming, and Mathematics",15*17*12,3.060
SKU00721,197.71,Science and Experimentation,15*20*16,4.800
SKU00722,234.71,"Coding, Programming, and Mathematics",12*12*6,0.864
SKU00723,46.08,"Coding, Programming, and Mathematics",12*12*4,0.576
SKU00724,228.10,Science and Experimentation,12*12*6,0.864
SKU00725,122.44,Robotics and Engineering,15*17*12,3.060
SKU00726,224.46,Science and Experimentation,20*12*12,2.880
SKU00727,185.06,Robotics and Engineering,12*12*6,0.864
SKU00728,247.34,Robotics and Engineering,15*17*12,3.060
SKU00729,199.45,Science and Experimentation,15*20*16,4.800
SKU00730,116.55,"Coding, Programming, and Mathematics",12*12*4,0.576
SKU00731,145.22,Robotics and Engineering,20*12*12,2.880
SKU00732,119.04,Science and Experimentation,12*12*6,0.864
SKU00733,116.63,Science and Experimentation,15*17*12,3.060
SKU00734,94.79,Science and Experimentation,12*12*6,0.864
SKU00735,144.15,Robotics and Engineering,12*12*4,0.576
SKU00736,183.17,"Coding, Programming, and Mathematics",20*12*12,2.880
SKU00737,98.24,"Coding, Programming, and Mathematics",12*12*6,0.864
SKU00738,150.12,Science and Experimentation,12*12*4,0.576
SKU00739,64.65,Robotics and Engineering,20*12*12,2.880
SKU00740,73.57,"Coding, Programming, and Mathematics",12*12*6,0.864
SKU00741,49.83,Science and Experimentation,15*17*12,3.060
SKU00742,243.85,"Coding, Programming, and Mathematics",12*12*4,0.576
SKU00743,40.81,"Coding, Programming, and Mathematics",15*17*12,3.060
SKU00744,77.50,Robotics and Engineering,12*12*4,0.576
SKU00745,168.70,Science and Experimentation,15*17*12,3.060
SKU00746,57.09,"Coding, Programming, and Mathematics",15*17*12,3.060
SKU00747,225.20,"Coding, Programming, and Mathematics",12*12*6,0.864
SKU00748,191.12,Robotics and Engineering,12*12*6,0.864
SKU00749,242.94,Robotics and Engineering,15*17*12,3.060
SKU00750,146.60,"Coding, Programming, and Mathematics",12*12*4,0.576
SKU00751,103.08,Robotics and Engineering,12*12*6,0.864
SKU00752,155.40,Robotics and Engineering,12*12*6,0.864
SKU00753,235.47,Science and Experimentation,15*17*12,3.060
SKU00754,149.36,Science and Experimentation,12*12*4,0.576
SKU00755,96.11,"Coding, Programming, and Mathematics",15*17*12,3.060
SKU00756,224.25,"Coding, Programming, and Mathematics",15*20*16,4.800
SKU00757,118.10,"Coding, Programming, and Mathematics",15*17*12,3.060
SKU00758,40.29,Robotics and Engineering,12*12*4,0.576
SKU00759,92.01,Science and Experimentation,12*12*6,0.864
SKU00760,106.83,"Coding, Programming, and Mathematics",12*12*6,0.864
SKU00761,220.34,Science and Experimentation,20*12*12,2.880
SKU00762,136.29,Robotics and Engineering,15*17*12,3.060
SKU00763,133.36,Science and Experimentation,12*12*6,0.864
SKU00764,110.58,Robotics and Engineering,15*20*16,4.800
SKU00765,224.94,"Coding, Programming, and Mathematics",12*12*6,0.864
SKU00766,238.46,Robotics and Engineering,15*20*16,4.800
SKU00767,248.30,Robotics and Engineering,12*12*6,0.864
SKU00768,119.12,Robotics and Engineering,12*12*6,0.864
SKU00769,242.89,Robotics and Engineering,12*12*4,0.576
SKU00770,206.29,"Coding, Programming, and Mathematics",12*12*6,0.864
SKU00771,181.89,Science and Experimentation,15*20*16,4.800
SKU00772,91.43,"Coding, Programming, and Mathematics",12*12*4,0.576
SKU00773,85.46,"Coding, Programming, and Mathematics",12*12*6,0.864
SKU00774,74.87,Robotics and Engineering,12*12*4,0.576
SKU00775,233.78,"Coding, Programming, and Mathematics",12*12*6,0.864
SKU00776,101.76,Robotics and Engineering,20*12*12,2.880
SKU00777,135.15,Science and Experimentation,12*12*4,0.576
SKU00778,143.73,Robotics and Engineering,15*20*16,4.800
SKU00779,203.42,Science and Experimentation,20*12*12,2.880
SKU00780,217.29,"Coding, Programming, and Mathematics",12*12*6,0.864
SKU00781,69.21,Robotics and Engineering,12*12*6,0.864
SKU00782,129.65,Science and Experimentation,20*12*12,2.880
SKU00783,217.00,"Coding, Programming, and Mathematics",15*17*12,3.060
SKU00784,211.79,Science and Experimentation,20*12*12,2.880
SKU00785,61.51,Robotics and Engineering,15*20*16,4.800
SKU00786,72.84,Science and Experimentation,12*12*6,0.864
SKU00787,103.88,Science and Experimentation,12*12*4,0.576
SKU00788,55.83,Science and Experimentation,15*17*12,3.060
SKU00789,129.18,"Coding, Programming, and Mathematics",12*12*4,0.576
SKU00790,62.60,Science and Experimentation,20*12*12,2.880
SKU00791,159.33,Science and Experimentation,12*12*6,0.864
SKU00792,91.78,Science and Experimentation,15*20*16,4.800
SKU00793,165.25,Science and Experimentation,20*12*12,2.880
SKU00794,64.68,Robotics and Engineering,20*12*12,2.880
SKU00795,244.94,Robotics and Engineering,12*12*4,0.576
SKU00796,235.84,"Coding, Programming, and Mathematics",12*12*4,0.576
SKU00797,122.28,Science and Experimentation,12*12*6,0.864
SKU00798,90.86,"Coding, Programming, and Mathematics",12*12*4,0.576
SKU00799,92.58,Science and Experimentation,15*17*12,3.060
SKU00800,141.51,Robotics and Engineering,12*12*6,0.864
SKU00801,48.40,Science and Experimentation,15*20*16,4.800
SKU00802,174.34,"Coding, Programming, and Mathematics",15*17*12,3.060
SKU00803,125.74,Science and Experimentation,20*12*12,2.880
SKU00804,119.26,Robotics and Engineering,12*12*4,0.576
SKU00805,209.97,"Coding, Programming, and Mathematics",15*20*16,4.800
SKU00806,188.90,Science and Experimentation,12*12*6,0.864
SKU00807,240.41,Robotics and Engineering,12*12*4,0.576
SKU00808,113.91,Science and Experimentation,15*17*12,3.060
SKU00809,228.48,Robotics and Engineering,20*12*12,2.880
SKU00810,201.69,"Coding, Programming, and Mathematics",20*12*12,2.880
SKU00811,115.06,"Coding, Programming, and Mathematics",12*12*4,0.576
SKU00812,170.55,Science and Experimentation,12*12*6,0.864
SKU00813,100.60,Robotics and Engineering,12*12*6,0.864
SKU00814,223.62,"Coding, Programming, and Mathematics",12*12*4,0.576
SKU00815,63.61,Science and Experimentation,12*12*4,0.576
SKU00816,84.61,Science and Experimentation,12*12*4,0.576
SKU00817,78.44,Science and Experimentation,15*20*16,4.800
SKU00818,124.64,Robotics and Engineering,12*12*4,0.576
SKU00819,196.50,Science and Experimentation,15*20*16,4.800
SKU00820,150.65,Robotics and Engineering,15*17*12,3.060
SKU00821,142.41,Science and Experimentation,12*12*4,0.576
SKU00822,40.11,Robotics and Engineering,12*12*4,0.576
SKU00823,129.33,Science and Experimentation,12*12*6,0.864
SKU00824,53.35,Science and Experimentation,12*12*4,0.576
SKU00825,83.73,Robotics and Engineering,15*20*16,4.800
SKU00826,235.80,"Coding, Programming, and Mathematics",15*20*16,4.800
SKU00827,85.23,"Coding, Programming, and Mathematics",12*12*4,0.576
SKU00828,220.25,"Coding, Programming, and Mathematics",15*20*16,4.800
SKU00829,208.61,Robotics and Engineering,12*12*4,0.576
SKU00830,73.42,"Coding, Programming, and Mathematics",15*17*12,3.060
SKU00831,167.20,Science and Experimentation,15*20*16,4.800
SKU00832,64.29,Robotics and Engineering,15*20*16,4.800
SKU00833,192.86,"Coding, Programming, and Mathematics",15*20*16,4.800
SKU00834,173.87,Science and Experimentation,15*20*16,4.800
SKU00835,210.51,Science and Experimentation,12*12*4,0.576
SKU00836,140.67,Robotics and Engineering,12*12*4,0.576
SKU00837,232.12,"Coding, Programming, and Mathematics",15*17*12,3.060
SKU00838,50.36,Science and Experimentation,12*12*4,0.576
SKU00839,101.51,"Coding, Programming, and Mathematics",15*20*16,4.800
SKU00840,190.16,Science and Experimentation,15*17*12,3.060
SKU00841,127.80,Science and Experimentation,20*12*12,2.880
SKU00842,76.32,Robotics and Engineering,12*12*6,0.864
SKU00843,62.51,"Coding, Programming, and Mathematics",15*17*12,3.060
SKU00844,211.64,Science and Experimentation,12*12*6,0.864
SKU00845,139.36,"Coding, Programming, and Mathematics",15*20*16,4.800
SKU00846,225.28,"Coding, Programming, and Mathematics",20*12*12,2.880
SKU00847,193.99,"Coding, Programming, and Mathematics",12*12*6,0.864
SKU00848,126.04,Robotics and Engineering,15*17*12,3.060
SKU00849,118.44,Science and Experimentation,12*12*4,0.576
SKU00850,148.28,"Coding, Programming, and Mathematics",12*12*6,0.864
SKU00851,226.70,Robotics and Engineering,12*12*4,0.576
SKU00852,194.83,"Coding, Programming, and Mathematics",12*12*6,0.864
SKU00853,41.08,Robotics and Engineering,15*20*16,4.800
SKU00854,185.77,"Coding, Programming, and Mathematics",12*12*4,0.576
SKU00855,233.10,"Coding, Programming, and Mathematics",20*12*12,2.880
SKU00856,189.20,"Coding, Programming, and Mathematics",15*17*12,3.060
SKU00857,77.17,Robotics and Engineering,20*12*12,2.880
SKU00858,141.54,Robotics and Engineering,12*12*6,0.864
SKU00859,69.47,Science and Experimentation,12*12*6,0.864
SKU00860,115.39,Science and Experimentation,20*12*12,2.880
SKU00861,236.79,Robotics and Engineering,12*12*6,0.864
SKU00862,233.89,Science and Experimentation,15*20*16,4.800
SKU00863,99.40,Robotics and Engineering,15*17*12,3.060
SKU00864,111.32,Robotics and Engineering,15*20*16,4.800
SKU00865,166.04,Robotics and Engineering,12*12*4,0.576
SKU00866,242.27,Science and Experimentation,15*17*12,3.060
SKU00867,71.04,"Coding, Programming, and Mathematics",15*17*12,3.060
SKU00868,93.95,Science and Experimentation,12*12*6,0.864
SKU00869,223.45,"Coding, Programming, and Mathematics",12*12*4,0.576
SKU00870,143.30,Science and Experimentation,20*12*12,2.880
SKU00871,228.78,"Coding, Programming, and Mathematics",12*12*4,0.576
SKU00872,78.96,"Coding, Programming, and Mathematics",20*12*12,2.880
SKU00873,151.86,Robotics and Engineering,12*12*4,0.576
SKU00874,108.52,Science and Experimentation,12*12*4,0.576
SKU00875,106.47,"Coding, Programming, and Mathematics",20*12*12,2.880
SKU00876,133.84,Science and Experimentation,15*20*16,4.800
SKU00877,130.95,Robotics and Engineering,12*12*6,0.864
SKU00878,115.04,Robotics and Engineering,12*12*6,0.864
SKU00879,232.14,"Coding, Programming, and Mathematics",12*12*6,0.864
SKU00880,193.67,Robotics and Engineering,20*12*12,2.880
SKU00881,192.78,Science and Experimentation,12*12*6,0.864
SKU00882,100.88,Robotics and Engineering,15*17*12,3.060
SKU00883,161.32,Robotics and Engineering,12*12*4,0.576
SKU00884,203.63,Robotics and Engineering,20*12*12,2.880
SKU00885,207.07,Robotics and Engineering,20*12*12,2.880
SKU00886,112.35,Science and Experimentation,15*17*12,3.060
SKU00887,201.88,Science and Experimentation,12*12*4,0.576
SKU00888,194.54,"Coding, Programming, and Mathematics",12*12*6,0.864
SKU00889,69.72,Robotics and Engineering,20*12*12,2.880
SKU00890,221.85,"Coding, Programming, and Mathematics",20*12*12,2.880
SKU00891,132.68,"Coding, Programming, and Mathematics",20*12*12,2.880
SKU00892,142.15,Science and Experimentation,20*12*12,2.880
SKU00893,134.16,Robotics and Engineering,20*12*12,2.880
SKU00894,159.25,Robotics and Engineering,20*12*12,2.880
SKU00895,170.45,Science and Experimentation,15*17*12,3.060
SKU00896,144.62,Science and Experimentation,20*12*12,2.880
SKU00897,222.03,Science and Experimentation,15*20*16,4.800
SKU00898,171.82,Robotics and Engineering,12*12*4,0.576
SKU00899,124.30,"Coding, Programming, and Mathematics",12*12*4,0.576
SKU00900,127.51,"Coding, Programming, and Mathematics",12*12*6,0.864
SKU00901,210.28,Robotics and Engineering,20*12*12,2.880
SKU00902,113.12,"Coding, Programming, and Mathematics",20*12*12,2.880
SKU00903,84.41,Robotics and Engineering,15*17*12,3.060
SKU00904,52.47,Robotics and Engineering,15*20*16,4.800
SKU00905,223.97,Science and Experimentation,12*12*4,0.576
SKU00906,232.89,Robotics and Engineering,12*12*4,0.576
SKU00907,65.23,Science and Experimentation,12*12*6,0.864
SKU00908,110.24,Science and Experimentation,20*12*12,2.880
SKU00909,76.83,"Coding, Programming, and Mathematics",15*17*12,3.060
SKU00910,64.34,Science and Experimentation,12*12*6,0.864
SKU00911,228.97,"Coding, Programming, and Mathematics",12*12*6,0.864
SKU00912,51.94,Robotics and Engineering,12*12*6,0.864
SKU00913,245.90,"Coding, Programming, and Mathematics",15*17*12,3.060
SKU00914,60.25,"Coding, Programming, and Mathematics",15*17*12,3.060
SKU00915,221.33,"Coding, Programming, and Mathematics",20*12*12,2.880
SKU00916,158.97,Robotics and Engineering,15*17*12,3.060
SKU00917,117.26,Robotics and Engineering,12*12*6,0.864
SKU00918,111.89,Science and Experimentation,20*12*12,2.880
SKU00919,199.05,Robotics and Engineering,12*12*6,0.864
SKU00920,106.06,Science and Experimentation,12*12*6,0.864
SKU00921,178.04,Robotics and Engineering,12*12*4,0.576
SKU00922,148.64,"Coding, Programming, and Mathematics",15*17*12,3.060
SKU00923,141.84,Science and Experimentation,12*12*4,0.576
SKU00924,229.24,Robotics and Engineering,12*12*4,0.576
SKU00925,156.48,Robotics and Engineering,12*12*6,0.864
SKU00926,213.64,Robotics and Engineering,15*17*12,3.060
SKU00927,192.37,"Coding, Programming, and Mathematics",12*12*6,0.864
SKU00928,48.10,Science and Experimentation,15*20*16,4.800
SKU00929,202.35,Science and Experimentation,12*12*6,0.864
SKU00930,85.54,Science and Experimentation,12*12*6,0.864
SKU00931,229.66,Robotics and Engineering,15*17*12,3.060
SKU00932,49.01,Science and Experimentation,12*12*6,0.864
SKU00933,109.95,Science and Experimentation,12*12*6,0.864
SKU00934,60.94,Robotics and Engineering,12*12*4,0.576
SKU00935,139.87,Robotics and Engineering,12*12*6,0.864
SKU00936,212.20,Robotics and Engineering,15*17*12,3.060
SKU00937,102.62,Robotics and Engineering,12*12*4,0.576
SKU00938,71.70,"Coding, Programming, and Mathematics",20*12*12,2.880
SKU00939,109.36,"Coding, Programming, and Mathematics",20*12*12,2.880
SKU00940,210.91,Science and Experimentation,12*12*6,0.864
SKU00941,69.48,"Coding, Programming, and Mathematics",12*12*4,0.576
SKU00942,87.75,Robotics and Engineering,15*20*16,4.800
SKU00943,54.46,"Coding, Programming, and Mathematics",20*12*12,2.880
SKU00944,188.20,Robotics and Engineering,12*12*4,0.576
SKU00945,123.00,"Coding, Programming, and Mathematics",20*12*12,2.880
SKU00946,105.28,Robotics and Engineering,12*12*4,0.576
SKU00947,190.91,Science and Experimentation,12*12*6,0.864
SKU00948,110.56,Science and Experimentation,12*12*4,0.576
SKU00949,192.83,"Coding, Programming, and Mathematics",12*12*4,0.576
SKU00950,211.19,Robotics and Engineering,15*17*12,3.060
SKU00951,85.71,Science and Experimentation,12*12*6,0.864
SKU00952,244.50,Robotics and Engineering,15*20*16,4.800
SKU00953,74.10,"Coding, Programming, and Mathematics",20*12*12,2.880
SKU00954,101.08,Robotics and Engineering,12*12*4,0.576
SKU00955,77.76,Robotics and Engineering,12*12*4,0.576
SKU00956,112.56,"Coding, Programming, and Mathematics",12*12*6,0.864
SKU00957,140.81,Science and Experimentation,15*17*12,3.060
SKU00958,149.66,"Coding, Programming, and Mathematics",20*12*12,2.880
SKU00959,219.26,Robotics and Engineering,15*20*16,4.800
SKU00960,226.78,"Coding, Programming, and Mathematics",12*12*4,0.576
SKU00961,86.22,"Coding, Programming, and Mathematics",15*17*12,3.060
SKU00962,170.81,Robotics and Engineering,20*12*12,2.880
SKU00963,63.41,"Coding, Programming, and Mathematics",20*12*12,2.880
SKU00964,136.38,Science and Experimentation,15*20*16,4.800
SKU00965,107.69,Science and Experimentation,12*12*6,0.864
SKU00966,106.47,"Coding, Programming, and Mathematics",20*12*12,2.880
SKU00967,141.34,Robotics and Engineering,20*12*12,2.880
SKU00968,193.26,"Coding, Programming, and Mathematics",15*20*16,4.800
SKU00969,54.53,"Coding, Programming, and Mathematics",12*12*4,0.576
SKU00970,224.63,Science and Experimentation,12*12*6,0.864
SKU00971,194.31,Science and Experimentation,15*20*16,4.800
SKU00972,77.06,Robotics and Engineering,12*12*4,0.576
SKU00973,237.22,Robotics and Engineering,15*20*16,4.800
SKU00974,146.33,Robotics and Engineering,15*20*16,4.800
SKU00975,249.96,"Coding, Programming, and Mathematics",15*20*16,4.800
SKU00976,81.42,"Coding, Programming, and Mathematics",15*17*12,3.060
SKU00977,152.33,"Coding, Programming, and Mathematics",15*20*16,4.800
SKU00978,100.95,"Coding, Programming, and Mathematics",12*12*4,0.576
SKU00979,103.88,Robotics and Engineering,12*12*4,0.576
SKU00980,164.12,Robotics and Engineering,20*12*12,2.880
SKU00981,233.56,Robotics and Engineering,15*17*12,3.060
SKU00982,209.11,"Coding, Programming, and Mathematics",12*12*4,0.576
SKU00983,192.03,"Coding, Programming, and Mathematics",15*17*12,3.060
SKU00984,157.43,Robotics and Engineering,20*12*12,2.880
SKU00985,233.68,Science and Experimentation,15*17*12,3.060
SKU00986,143.40,Robotics and Engineering,12*12*4,0.576
SKU00987,223.50,"Coding, Programming, and Mathematics",12*12*6,0.864
SKU00988,215.14,"Coding, Programming, and Mathematics",15*17*12,3.060
SKU00989,84.91,Robotics and Engineering,15*17*12,3.060
SKU00990,201.96,Science and Experimentation,12*12*6,0.864
SKU00991,42.56,Science and Experimentation,15*20*16,4.800
SKU00992,107.79,"Coding, Programming, and Mathematics",12*12*6,0.864
SKU00993,88.21,"Coding, Programming, and Mathematics",15*20*16,4.800
SKU00994,146.44,"Coding, Programming, and Mathematics",12*12*6,0.864
SKU00995,194.74,Robotics and Engineering,15*17*12,3.060
SKU00996,60.51,"Coding, Programming, and Mathematics",15*20*16,4.800
SKU00997,148.13,"Coding, Programming, and Mathematics",15*20*16,4.800
SKU00998,237.07,"Coding, Programming, and Mathematics",12*12*6,0.864
SKU00999,88.02,Science and Experimentation,15*17*12,3.060
SKU01000,182.20,Science and Experimentation,15*17*12,3.060