Vendor_ID,Vendor_Name,Weight_Buckets,Distance_Category,Price_Per_Delivery,Lead_Time
VEN-1000,FedEx,A,0-5,3.0,8
VEN-2000,Bluedart,A,0-5,3.5,8
VEN-3000,DHL,A,0-5,4.0,10
VEN-1000,FedEx,A,0-5,4.5,7
VEN-4000,USPS,A,0-5,4.5,7
VEN-5000,UPS,A,0-5,5.0,7
VEN-1000,FedEx,A,5-10,6.0,7
VEN-1000,FedEx,B,0-5,6.0,10
VEN-2000,Bluedart,B,0-5,6.5,9
VEN-1000,FedEx,C,0-5,7.0,6
VEN-2000,Bluedart,A,5-10,7.0,4
VEN-3000,DHL,B,0-5,7.0,6
VEN-2000,Bluedart,C,0-5,7.5,7
VEN-4000,USPS,B,0-5,7.5,8
VEN-3000,DHL,A,5-10,8.0,6
VEN-3000,DHL,C,0-5,8.0,3
VEN-5000,UPS,B,0-5,8.0,6
VEN-4000,USPS,C,0-5,8.5,4
VEN-1000,FedEx,A,5-10,9.0,7
VEN-4000,USPS,A,5-10,9.0,7
VEN-5000,UPS,C,0-5,9.0,6
VEN-1000,FedEx,D,0-5,10.0,5
VEN-5000,UPS,A,5-10,10.0,5
VEN-2000,Bluedart,D,0-5,10.5,8
VEN-3000,DHL,D,0-5,11.0,5
VEN-4000,USPS,D,0-5,11.5,4
VEN-1000,FedEx,A,10+,12.0,7
VEN-1000,FedEx,B,5-10,12.0,8
VEN-5000,UPS,D,0-5,12.0,10
VEN-2000,Bluedart,B,5-10,13.0,6
VEN-1000,FedEx,C,5-10,14.0,7
VEN-2000,Bluedart,A,10+,14.0,4
VEN-3000,DHL,B,5-10,14.0,6
VEN-2000,Bluedart,C,5-10,15.0,5
VEN-4000,USPS,B,5-10,15.0,6
VEN-3000,DHL,A,10+,16.0,6
VEN-3000,DHL,C,5-10,16.0,9
VEN-5000,UPS,B,5-10,16.0,11
VEN-4000,USPS,C,5-10,17.0,5
VEN-1000,FedEx,A,10+,18.0,6
VEN-4000,USPS,A,10+,18.0,6
VEN-5000,UPS,C,5-10,18.0,7
VEN-1000,FedEx,D,5-10,20.0,3
VEN-5000,UPS,A,10+,20.0,9
VEN-2000,Bluedart,D,5-10,21.0,4
VEN-3000,DHL,D,5-10,22.0,7
VEN-4000,USPS,D,5-10,23.0,8
VEN-1000,FedEx,B,10+,24.0,8
VEN-5000,UPS,D,5-10,24.0,7
VEN-2000,Bluedart,B,10+,26.0,3
VEN-1000,FedEx,C,10+,28.0,8
VEN-3000,DHL,B,10+,28.0,8
VEN-2000,Bluedart,C,10+,30.0,9
VEN-4000,USPS,B,10+,30.0,6
VEN-3000,DHL,C,10+,32.0,9
VEN-5000,UPS,B,10+,32.0,6
VEN-4000,USPS,C,10+,34.0,5
VEN-5000,UPS,C,10+,36.0,6
VEN-1000,FedEx,D,10+,40.0,8
VEN-2000,Bluedart,D,10+,42.0,9
VEN-3000,DHL,D,10+,44.0,6
VEN-4000,USPS,D,10+,46.0,7
VEN-5000,UPS,D,10+,48.0,5